,Name,New_Price
2,Maruti Ertiga VDI," Rs. 11.11 - 20.50 Lakh
"
3,Audi A4 New 2.0 TDI Multitronic," Rs. 11.11 - 20.50 Lakh
"
4,Hyundai EON LPG Era Plus Option," Rs. 46.99 - 55.84 Lakh
"
5,Nissan Micra Diesel XV," Rs. 46.99 - 55.84 Lakh
"
8,Honda City 1.5 V AT Sunroof," Rs. 4.14 - 6.70 Lakh
"
9,Maruti Swift VDI BSIV," Rs. 4.14 - 6.70 Lakh
"
10,Land Rover Range Rover 2.2L Pure," Rs. 11.19 - 20.15 Lakh
"
11,Land Rover Freelander 2 TD4 SE," Rs. 11.19 - 20.15 Lakh
"
14,Renault Duster 85PS Diesel RxL Plus," Rs. 11.19 - 20.15 Lakh
"
15,Mercedes-Benz New C-Class C 220 CDI BE Avantgare," Rs. 11.19 - 20.15 Lakh
"
18,Hyundai i20 1.2 Magna," Rs. 65.72 - 72.06 Lakh
"
19,Volkswagen Vento Petrol Highline AT," Rs. 65.72 - 72.06 Lakh
"
20,Honda City Corporate Edition," Rs. 11.56 Lakh
"
21,Maruti Alto K10 2010-2014 VXI," Rs. 11.56 Lakh
"
22,Toyota Innova 2.5 V Diesel 7-seater," Rs. 11.19 - 20.15 Lakh
"
23,Renault Duster 110PS Diesel RxZ Pack," Rs. 11.19 - 20.15 Lakh
"
26,Audi A6 2.7 TDI," Rs. 22.14 - 25.92 Lakh
"
27,Maruti Wagon R LXI BSIII," Rs. 22.14 - 25.92 Lakh
"
28,Mahindra KUV 100 mFALCON G80 K6 5str AW," Rs. 5.65 - 7.48 Lakh
"
29,Mercedes-Benz M-Class ML 350 CDI," Rs. 5.65 - 7.48 Lakh
"
32,Tata Nano LX SE," Rs. 4.23 - 6.21 Lakh
"
33,Mahindra KUV 100 mFALCON D75 K8 Dual Tone," Rs. 4.23 - 6.21 Lakh
"
36,Hyundai Elantra CRDi," Rs. 6.90 - 10.00 Lakh
"
37,Hyundai Xcent 1.1 CRDi S," Rs. 6.90 - 10.00 Lakh
"
40,Maruti Swift LDI," Rs. 46.99 - 55.84 Lakh
"
41,Maruti Swift Ldi BSIV," Rs. 46.99 - 55.84 Lakh
"
42,Maruti Swift VDI," Rs. 6.49 - 9.64 Lakh
"
43,Hyundai Grand i10 Sportz," Rs. 6.49 - 9.64 Lakh
"
44,Volkswagen Vento 2013-2015 1.6 Comfortline," Rs. 5.98 - 8.62 Lakh
"
45,Renault KWID RXT," Rs. 5.98 - 8.62 Lakh
"
46,Hyundai i10 Asta," Rs. 5.50 Lakh
"
47,Nissan X-Trail SLX AT," Rs. 5.50 Lakh
"
50,Mercedes-Benz New C-Class C 200 CGI Avantgarde," Rs. 9.99 Lakh
"
51,Mercedes-Benz New C-Class 200 CDI Classic," Rs. 9.99 Lakh
"
54,Honda City ZX CVT," Rs. 46.99 - 55.84 Lakh
"
55,Maruti Ertiga SHVS VDI," Rs. 46.99 - 55.84 Lakh
"
56,Porsche Cayenne 2009-2014 Turbo," Rs. 11.19 - 20.15 Lakh
"
57,Mahindra XUV500 W8 4WD," Rs. 11.19 - 20.15 Lakh
"
58,Hyundai i10 Sportz 1.2 AT," Rs. 7.99 - 15.57 Lakh
"
59,Honda Brio VX AT," Rs. 7.99 - 15.57 Lakh
"
60,Audi A6 2.0 TDI Design Edition," Rs. 11.79 - 16.93 Lakh
"
61,Ford Fiesta 1.4 SXi TDCi," Rs. 11.79 - 16.93 Lakh
"
62,Toyota Innova 2.0 G1," Rs. 6.49 - 9.64 Lakh
"
63,Toyota Innova 2.5 VX 7 STR BSIV," Rs. 6.49 - 9.64 Lakh
"
64,Hyundai Santro Xing XL," Rs. 19.99 - 26.82 Lakh
"
65,Honda Amaze SX i-VTEC," Rs. 19.99 - 26.82 Lakh
"
66,Ford Figo Diesel ZXI," Rs. 8.19 - 11.29 Lakh
"
67,Maruti Ritz VDi," Rs. 8.19 - 11.29 Lakh
"
68,Honda City i VTEC E," Rs. 4.62 - 7.01 Lakh
"
69,BMW 5 Series 2003-2012 525d," Rs. 4.62 - 7.01 Lakh
"
70,Hyundai i10 Sportz 1.2," Rs. 72.90 Lakh
"
71,Hyundai Santro Xing XO," Rs. 72.90 Lakh
"
72,Toyota Fortuner 4x2 Manual," Rs. 3.22 - 4.33 Lakh
"
73,Audi A6 2011-2015 35 TDI Premium," Rs. 3.22 - 4.33 Lakh
"
74,Ford Ecosport 1.5 DV5 MT Titanium Optional," Rs. 65.72 - 72.06 Lakh
"
75,Mahindra XUV500 W8 2WD," Rs. 65.72 - 72.06 Lakh
"
76,Honda Amaze SX i-DTEC," Rs. 7.99 - 15.57 Lakh
"
77,Volkswagen Polo Diesel Highline 1.2L," Rs. 7.99 - 15.57 Lakh
"
80,Volkswagen Polo Petrol Highline 1.6L," Rs. 11.19 - 20.15 Lakh
"
81,Hyundai i20 1.4 CRDi Sportz," Rs. 11.19 - 20.15 Lakh
"
82,Hyundai i20 Asta 1.2," Rs. 7.04 - 11.25 Lakh
"
83,Audi A4 3.0 TDI Quattro Premium," Rs. 7.04 - 11.25 Lakh
"
84,Hyundai i20 2015-2017 Asta," Rs. 46.99 - 55.84 Lakh
"
85,Maruti Omni 5 Str STD," Rs. 46.99 - 55.84 Lakh
"
86,Jaguar XF 3.0 Litre S Premium Luxury," Rs. 4.26 - 6.12 Lakh
"
87,Hyundai Verna 1.6 SX CRDI (O) AT," Rs. 4.26 - 6.12 Lakh
"
88,Tata Nano Twist XT," Rs. 11.07 - 17.55 Lakh
"
89,Honda Civic 2006-2010 1.8 V MT," Rs. 11.07 - 17.55 Lakh
"
90,Toyota Innova 2.5 VX (Diesel) 7 Seater," Rs. 11.19 - 20.15 Lakh
"
91,Volvo V40 Cross Country D3," Rs. 11.19 - 20.15 Lakh
"
92,BMW 5 Series 2010-2013 525i," Rs. 65.31 Lakh
"
93,Hyundai Santro Xing XL eRLX Euro III," Rs. 65.31 Lakh
"
94,Mercedes-Benz B Class B200 CDI," Rs. 3.22 - 4.33 Lakh
"
95,Maruti Wagon R LXI BS IV," Rs. 3.22 - 4.33 Lakh
"
96,Tata Nano XTA," Rs. 5.65 - 7.48 Lakh
"
97,Mahindra Scorpio VLX," Rs. 5.65 - 7.48 Lakh
"
98,Mercedes-Benz New C-Class 200 K AT," Rs. 13.99 - 24.89 Lakh
"
99,Honda CR-V 2.4 MT," Rs. 13.99 - 24.89 Lakh
"
100,Volkswagen Vento 1.5 TDI Comfortline AT," Rs. 11.11 - 20.50 Lakh
"
101,Maruti Ciaz VXi Plus," Rs. 11.11 - 20.50 Lakh
"
102,Mahindra XUV500 AT W10 FWD," Rs. 11.19 - 20.15 Lakh
"
103,Maruti Ritz VXI ABS," Rs. 11.19 - 20.15 Lakh
"
104,Maruti Alto LXi BSIII," Rs. 11.19 - 20.15 Lakh
"
105,BMW 1 Series 118d Base," Rs. 11.19 - 20.15 Lakh
"
106,Honda Jazz 1.2 V CVT i VTEC," Rs. 72.90 Lakh
"
107,Mercedes-Benz New C-Class C 220 CDI Avantgarde," Rs. 72.90 Lakh
"
110,Toyota Fortuner 3.0 Diesel," Rs. 3.22 - 4.33 Lakh
"
111,Chevrolet Beat LT Option," Rs. 3.22 - 4.33 Lakh
"
112,Skoda Rapid 1.5 TDI Elegance," Rs. 4.43 - 5.88 Lakh
"
113,Maruti Ciaz 1.4 Alpha," Rs. 4.43 - 5.88 Lakh
"
114,Mercedes-Benz S Class 2005 2013 S 500," Rs. 9.41 - 12.47 Lakh
"
115,Skoda Rapid 1.5 TDI AT Elegance Plus Black Package," Rs. 9.41 - 12.47 Lakh
"
116,Skoda Superb Elegance 2.0 TDI CR AT," Rs. 7.89 - 14.40 Lakh
"
117,Hyundai EON Magna Plus," Rs. 7.89 - 14.40 Lakh
"
118,Datsun GO NXT," Rs. 11.11 - 20.50 Lakh
"
119,Honda Brio S MT," Rs. 11.11 - 20.50 Lakh
"
120,Mercedes-Benz B Class B180," Rs. 7.52 - 13.04 Lakh
"
121,Honda City i DTEC V," Rs. 7.52 - 13.04 Lakh
"
122,Toyota Innova 2.5 G (Diesel) 7 Seater," Rs. 11.92 - 16.65 Lakh
"
123,Maruti Swift VXI Optional," Rs. 11.92 - 16.65 Lakh
"
124,Ford Ecosport 1.5 DV5 MT Ambiente," Rs. 11.19 - 20.15 Lakh
"
125,Volkswagen Vento 1.5 Highline Plus AT 16 Alloy," Rs. 11.19 - 20.15 Lakh
"
126,BMW X5 xDrive 30d," Rs. 11.56 - 19.40 Lakh
"
127,Mercedes-Benz New C-Class C 220 CDI Style," Rs. 11.56 - 19.40 Lakh
"
130,Mercedes-Benz GLC 220," Rs. 7.79 Lakh
"
131,Audi A6 2011-2015 2.0 TDI Premium Plus," Rs. 7.79 Lakh
"
132,Mini Countryman Cooper D," Rs. 65.72 - 72.06 Lakh
"
133,Hyundai i20 Asta 1.4 CRDi," Rs. 65.72 - 72.06 Lakh
"
134,Chevrolet Beat Diesel LT," Rs. 7.04 - 11.25 Lakh
"
135,Skoda Superb Elegance 1.8 TSI AT," Rs. 7.04 - 11.25 Lakh
"
138,Renault Lodgy 110PS RxZ 8 Seater," Rs. 7.81 - 10.00 Lakh
"
139,Mercedes-Benz E-Class E250 CDI Avantgrade," Rs. 7.81 - 10.00 Lakh
"
142,Mahindra Scorpio 1.99 S10 4WD," Rs. 5.98 - 8.62 Lakh
"
143,Land Rover Range Rover 2.2L Dynamic," Rs. 5.98 - 8.62 Lakh
"
146,Skoda Laura Ambiente," Rs. 7.79 Lakh
"
147,Renault Duster 85PS Diesel RxL," Rs. 7.79 Lakh
"
150,Tata Indigo eCS GLX," Rs. 7.89 - 14.40 Lakh
"
151,Audi Q3 2012-2015 35 TDI Quattro Premium Plus," Rs. 7.89 - 14.40 Lakh
"
152,Skoda Octavia Elegance 1.8 TSI AT," Rs. 44.99 - 55.64 Lakh
"
153,Toyota Etios Liva GD SP," Rs. 44.99 - 55.64 Lakh
"
154,Maruti Swift 1.3 VXi," Rs. 5.63 - 7.80 Lakh
"
155,Renault Duster 85PS Diesel RxL Optional," Rs. 5.63 - 7.80 Lakh
"
158,Mercedes-Benz New C-Class C250 Avantgarde," Rs. 11.19 - 20.15 Lakh
"
159,Audi A8 L 3.0 TDI quattro," Rs. 11.19 - 20.15 Lakh
"
160,Skoda Rapid 1.6 MPI AT Style Black Package," Rs. 1.34 - 1.63 Crore
"
161,Hyundai i20 Active 1.2 SX," Rs. 1.34 - 1.63 Crore
"
162,Honda Amaze VX i-DTEC," Rs. 7.04 - 11.25 Lakh
"
163,Maruti Wagon R LXI," Rs. 7.04 - 11.25 Lakh
"
164,Mercedes-Benz New C-Class C 220d Avantgarde Edition C," Rs. 5.65 - 7.48 Lakh
"
165,Nissan Terrano XV Premium 110 PS Anniversary Edition," Rs. 5.65 - 7.48 Lakh
"
166,Ford Figo Diesel," Rs. 10.00 - 14.65 Lakh
"
167,Tata Indica V2 DLS BSII," Rs. 10.00 - 14.65 Lakh
"
168,Chevrolet Beat LT," Rs. 3.77 - 5.11 Lakh
"
169,Volkswagen Polo Diesel Comfortline 1.2L," Rs. 3.77 - 5.11 Lakh
"
172,Hyundai Santa Fe 4x4 AT," Rs. 9.99 Lakh
"
173,Hyundai i20 1.2 Magna Executive," Rs. 9.99 Lakh
"
174,Hyundai i20 Sportz 1.4 CRDi," Rs. 7.04 - 11.25 Lakh
"
175,Toyota Innova 2.5 Z Diesel 7 Seater," Rs. 7.04 - 11.25 Lakh
"
176,Honda City i VTEC V," Rs. 36.33 Lakh
"
177,BMW X1 sDrive20d," Rs. 36.33 Lakh
"
178,Hyundai Grand i10 CRDi Era," Rs. 50.80 - 53.80 Lakh
"
179,Maruti Ciaz 1.3 Alpha," Rs. 50.80 - 53.80 Lakh
"
180,Skoda Rapid Leisure 1.6 TDI MT," Rs. 9.41 - 12.47 Lakh
"
181,Hyundai Accent CRDi," Rs. 9.41 - 12.47 Lakh
"
182,Volkswagen Polo GT 1.5 TDI," Rs. 11.11 - 20.50 Lakh
"
183,Honda Jazz 1.2 VX i VTEC," Rs. 11.11 - 20.50 Lakh
"
184,Hyundai i10 Era," Rs. 5.98 - 8.62 Lakh
"
185,Hyundai Tucson 2.0 e-VGT 2WD AT GLS," Rs. 5.98 - 8.62 Lakh
"
186,Maruti Omni MPI CARGO BSIII W/ IMMOBILISER," Rs. 6.21 - 10.51 Lakh
"
187,Maruti Swift VXI BSIV," Rs. 6.21 - 10.51 Lakh
"
188,Hyundai Grand i10 Magna," Rs. 11.19 - 20.15 Lakh
"
189,Hyundai i20 1.2 Sportz," Rs. 11.19 - 20.15 Lakh
"
190,Mercedes-Benz New C-Class C 220 CDI CLASSIC," Rs. 7.04 - 11.25 Lakh
"
191,Maruti Ritz ZDi," Rs. 7.04 - 11.25 Lakh
"
192,Hyundai Creta 1.6 CRDi SX," Rs. 4.62 - 7.01 Lakh
"
193,Maruti A-Star Vxi," Rs. 4.62 - 7.01 Lakh
"
194,Renault Duster 110PS Diesel RXZ Option," Rs. 11.19 - 20.15 Lakh
"
195,Fiat Grande Punto 1.3 Emotion Pack (Diesel)," Rs. 11.19 - 20.15 Lakh
"
196,BMW X3 xDrive30d M Sport," Rs. 4.73 - 7.93 Lakh
"
197,Hyundai i10 Sportz," Rs. 4.73 - 7.93 Lakh
"
198,Toyota Innova 2.5 G4 Diesel 7-seater," Rs. 9.82 Lakh
"
199,Maruti Zen VXI BSII," Rs. 9.82 Lakh
"
200,Mahindra Scorpio VLX 2.2 mHawk Airbag BSIV," Rs. 11.19 - 20.15 Lakh
"
201,Ford EcoSport 1.0 Ecoboost Titanium Plus," Rs. 11.19 - 20.15 Lakh
"
202,Maruti Swift Dzire ZDI," Rs. 7.91 - 11.69 Lakh
"
203,Maruti Alto 800 LXI," Rs. 7.91 - 11.69 Lakh
"
204,Honda City 1.5 S MT," Rs. 4.23 - 6.21 Lakh
"
205,Audi Q7 3.0 TDI Quattro Technology," Rs. 4.23 - 6.21 Lakh
"
206,Skoda Laura 1.9 TDI AT Ambiente," Rs. 88.70 - 97.85 Lakh
"
207,Hyundai Verna 1.6 SX VTVT (O)," Rs. 88.70 - 97.85 Lakh
"
208,Honda City 1.5 V AT," Rs. 11.07 - 17.55 Lakh
"
209,Hyundai i20 Magna Optional 1.4 CRDi," Rs. 11.07 - 17.55 Lakh
"
210,Hyundai i20 Sportz AT 1.4," Rs. 7.04 - 11.25 Lakh
"
211,Volkswagen Vento Diesel Highline," Rs. 7.04 - 11.25 Lakh
"
214,Maruti Wagon R LXI Minor," Rs. 72.90 Lakh
"
215,Volkswagen Jetta 2007-2011 2.0 TDI Comfortline," Rs. 72.90 Lakh
"
218,Volkswagen Polo Petrol Trendline 1.2L," Rs. 65.72 - 72.06 Lakh
"
219,Maruti Alto K10 LXI," Rs. 65.72 - 72.06 Lakh
"
220,Tata Indigo LX," Rs. 4.23 - 6.21 Lakh
"
221,Mercedes-Benz GLA Class 200 CDI SPORT," Rs. 4.23 - 6.21 Lakh
"
226,Tata Sumo Delux," Rs. 25.56 Lakh
"
227,Tata Indica Vista Aura 1.3 Quadrajet," Rs. 25.56 Lakh
"
228,Tata Indigo LS Dicor," Rs. 4.14 - 6.70 Lakh
"
229,Maruti Ertiga Paseo VXI," Rs. 4.14 - 6.70 Lakh
"
230,Honda Accord 2.4 A/T," Rs. 11.19 - 20.15 Lakh
"
231,Maruti Swift Dzire VDi," Rs. 11.19 - 20.15 Lakh
"
232,Ford Fiesta EXi 1.4 TDCi Ltd," Rs. 6.84 - 10.19 Lakh
"
233,Honda City ZX GXi," Rs. 6.84 - 10.19 Lakh
"
234,BMW 6 Series 640d Gran Coupe," Rs. 11.92 - 16.65 Lakh
"
235,Maruti Zen Estilo LXI Green (CNG)," Rs. 11.92 - 16.65 Lakh
"
236,Hyundai i20 1.4 CRDi Asta," Rs. 7.52 - 13.04 Lakh
"
237,Hyundai i10 Sportz AT," Rs. 7.52 - 13.04 Lakh
"
238,Volkswagen Polo Petrol Comfortline 1.2L," Rs. 5.98 - 8.62 Lakh
"
239,Toyota Corolla H4," Rs. 5.98 - 8.62 Lakh
"
240,Tata Manza ELAN Quadrajet BS IV," Rs. 11.14 - 19.99 Lakh
"
241,Skoda Octavia Ambition Plus 2.0 TDI AT," Rs. 11.14 - 19.99 Lakh
"
244,Hyundai EON D Lite Plus," Rs. 4.14 - 6.70 Lakh
"
245,Tata Manza Club Class Quadrajet90 LS," Rs. 4.14 - 6.70 Lakh
"
246,Chevrolet Spark 1.0 LS," Rs. 8.00 - 15.60 Lakh
"
247,Honda CR-V RVi MT," Rs. 8.00 - 15.60 Lakh
"
248,Maruti Swift Dzire VXi AT," Rs. 11.11 - 20.50 Lakh
"
249,Maruti Swift Dzire Tour LDI," Rs. 11.11 - 20.50 Lakh
"
250,Ford Fiesta Classic 1.4 Duratorq CLXI," Rs. 6.84 - 10.19 Lakh
"
251,Maruti Zen LX," Rs. 6.84 - 10.19 Lakh
"
252,Toyota Etios GD," Rs. 3.32 Lakh
"
253,Maruti Alto 800 2016-2019 LXI," Rs. 3.32 Lakh
"
254,Maruti Alto VXi," Rs. 4.23 - 6.21 Lakh
"
255,BMW X5 3.0d," Rs. 4.23 - 6.21 Lakh
"
256,Nissan Teana XV," Rs. 97.80 Lakh - 1.13 Crore
"
257,Hyundai Grand i10 AT Asta," Rs. 97.80 Lakh - 1.13 Crore
"
258,Audi Q7 3.0 TDI Quattro Premium Plus," Rs. 5.98 - 8.62 Lakh
"
259,Mercedes-Benz GLA Class 200 CDI," Rs. 5.98 - 8.62 Lakh
"
262,Mercedes-Benz New C-Class 220," Rs. 16.45 - 20.19 Lakh
"
263,Hyundai Xcent 1.1 CRDi Base," Rs. 16.45 - 20.19 Lakh
"
264,Mercedes-Benz E-Class 2009-2013 E250 CDI Avantgarde," Rs. 11.11 - 20.50 Lakh
"
265,Mercedes-Benz E-Class 2015-2017 E250 Edition E," Rs. 11.11 - 20.50 Lakh
"
268,Honda Amaze S i-Vtech," Rs. 11.07 - 17.55 Lakh
"
269,Mini Cooper Convertible 1.6," Rs. 11.07 - 17.55 Lakh
"
272,BMW 3 Series 320d Sedan," Rs. 4.62 - 7.01 Lakh
"
273,Tata Xenon XT EX 4X2," Rs. 4.62 - 7.01 Lakh
"
274,Audi A3 35 TDI Attraction," Rs. 9.10 - 10.05 Lakh
"
275,Mercedes-Benz GL-Class 2007 2012 350 CDI Luxury," Rs. 9.10 - 10.05 Lakh
"
282,Mercedes-Benz New C-Class 220 CDI AT," Rs. 44.99 - 55.64 Lakh
"
283,Mahindra Scorpio S10 4WD," Rs. 44.99 - 55.64 Lakh
"
284,Volvo S80 2006-2013 D5," Rs. 13.99 - 24.89 Lakh
"
285,Hyundai Accent GLE," Rs. 13.99 - 24.89 Lakh
"
286,Hyundai Grand i10 SportZ Edition," Rs. 11.11 - 20.50 Lakh
"
287,Honda City 1.5 EXI S," Rs. 11.11 - 20.50 Lakh
"
288,Volkswagen Jetta 2007-2011 1.9 L TDI," Rs. 8.84 - 13.13 Lakh
"
289,Hyundai Creta 1.6 SX Plus Dual Tone Petrol," Rs. 8.84 - 13.13 Lakh
"
290,Toyota Etios VD," Rs. 11.11 - 20.50 Lakh
"
291,Maruti Baleno Alpha Automatic," Rs. 11.11 - 20.50 Lakh
"
294,Renault Captur 1.5 Diesel RXL," Rs. 11.11 - 20.50 Lakh
"
295,BMW 5 Series 2003-2012 GT 530d LE," Rs. 11.11 - 20.50 Lakh
"
296,Volvo V40 D3," Rs. 72.90 Lakh
"
297,Maruti Wagon R LXI BSII," Rs. 72.90 Lakh
"
298,Maruti Eeco 5 STR With AC Plus HTR CNG," Rs. 5.65 - 7.48 Lakh
"
299,Chevrolet Enjoy 1.4 LS 8," Rs. 5.65 - 7.48 Lakh
"
300,Hyundai Santro GLS I - Euro I," Rs. 5.28 - 7.21 Lakh
"
301,Hyundai EON D Lite," Rs. 5.28 - 7.21 Lakh
"
302,Hyundai Creta 1.6 SX Plus Petrol Automatic," Rs. 9.99 - 12.56 Lakh
"
303,Honda Civic 2006-2010 1.8 S AT," Rs. 9.99 - 12.56 Lakh
"
304,Hyundai i20 1.2 Asta Option," Rs. 7.52 - 13.04 Lakh
"
305,Audi Q5 30 TDI quattro Premium Plus," Rs. 7.52 - 13.04 Lakh
"
306,Maruti Ritz VXi," Rs. 66.99 - 73.79 Lakh
"
307,Mitsubishi Cedia Sports," Rs. 66.99 - 73.79 Lakh
"
308,Maruti Celerio LDi," Rs. 28.36 - 29.93 Lakh
"
309,Audi Q7 4.2 TDI Quattro Technology," Rs. 28.36 - 29.93 Lakh
"
310,Hyundai i20 2015-2017 Asta 1.2," Rs. 88.70 - 97.85 Lakh
"
311,Renault Duster 110PS Diesel RxL," Rs. 88.70 - 97.85 Lakh
"
314,Hyundai Grand i10 CRDi Magna," Rs. 7.91 - 11.69 Lakh
"
315,Tata Manza Aqua Quadrajet BS IV," Rs. 7.91 - 11.69 Lakh
"
316,Hyundai Santro Xing GLS," Rs. 8.00 - 15.60 Lakh
"
317,Maruti Ciaz 1.3 S," Rs. 8.00 - 15.60 Lakh
"
320,Mercedes-Benz New C-Class 220 CDI MT," Rs. 5.99 Lakh
"
321,Skoda Yeti Ambition 4X2," Rs. 5.99 Lakh
"
322,Ford Figo 2015-2019 1.2P Titanium MT," Rs. 7.89 - 14.40 Lakh
"
323,Skoda Octavia Ambition 1.4 TSI MT," Rs. 7.89 - 14.40 Lakh
"
328,Nissan Micra Diesel XV Premium," Rs. 40.43 Lakh
"
329,BMW 5 Series 2003-2012 523i," Rs. 40.43 Lakh
"
330,Honda CR-V 2.4L 4WD AT," Rs. 72.90 Lakh
"
331,Hyundai Creta 1.6 CRDi AT SX Plus," Rs. 72.90 Lakh
"
332,Mercedes-Benz A Class A200 CDI Sport," Rs. 11.11 - 20.50 Lakh
"
333,Maruti Ertiga VXI," Rs. 11.11 - 20.50 Lakh
"
336,Maruti Zen LXi BSII," Rs. 8.19 - 11.29 Lakh
"
337,Maruti SX4 ZXI MT BSIV," Rs. 8.19 - 11.29 Lakh
"
338,Maruti Wagon R VXI," Rs. 7.52 - 13.04 Lakh
"
339,Toyota Camry A/T," Rs. 7.52 - 13.04 Lakh
"
340,Chevrolet Beat LS," Rs. 48.00 Lakh
"
341,Toyota Fortuner 4x4 AT," Rs. 48.00 Lakh
"
342,Maruti Swift Vdi BSIII," Rs. 42.72 Lakh
"
343,Honda Mobilio S i VTEC," Rs. 42.72 Lakh
"
344,Mahindra XUV500 AT W8 FWD," Rs. 7.52 - 13.04 Lakh
"
345,Skoda Fabia 1.6 MPI Elegance," Rs. 7.52 - 13.04 Lakh
"
346,Mahindra Scorpio 1.99 S8," Rs. 7.89 - 14.40 Lakh
"
347,Skoda Rapid 1.6 TDI Ambition," Rs. 7.89 - 14.40 Lakh
"
348,Renault Duster 110PS Diesel RxZ," Rs. 7.89 - 14.40 Lakh
"
349,Toyota Etios G," Rs. 7.89 - 14.40 Lakh
"
352,Mercedes-Benz E-Class 280 CDI," Rs. 65.72 - 72.06 Lakh
"
353,Maruti Swift VXI," Rs. 65.72 - 72.06 Lakh
"
356,BMW 3 Series 320i Sedan," Rs. 8.84 - 13.13 Lakh
"
357,Hyundai Santa Fe 4X4," Rs. 8.84 - 13.13 Lakh
"
362,Honda Amaze VX O i VTEC," Rs. 11.92 - 16.65 Lakh
"
363,Chevrolet Enjoy TCDi LTZ 7 Seater," Rs. 11.92 - 16.65 Lakh
"
364,Maruti SX4 ZXI AT Leather," Rs. 11.92 - 16.65 Lakh
"
365,Maruti Ciaz RS ZDi Plus SHVS," Rs. 7.52 - 13.04 Lakh
"
366,Maruti Swift Dzire VXi," Rs. 7.52 - 13.04 Lakh
"
367,Mahindra XUV500 W6 2WD," Rs. 6.84 - 10.19 Lakh
"
368,Honda Civic 2006-2010 1.8 S MT," Rs. 6.84 - 10.19 Lakh
"
369,Toyota Etios Liva GD," Rs. 7.52 - 13.04 Lakh
"
370,Audi TT 2.0 TFSI," Rs. 7.52 - 13.04 Lakh
"
371,Volkswagen Polo 1.5 TDI Highline," Rs. 46.99 - 55.84 Lakh
"
372,Skoda Laura 1.9 TDI AT Elegance," Rs. 46.99 - 55.84 Lakh
"
373,Mahindra Renault Logan 1.5 DLE Diesel," Rs. 7.89 - 14.40 Lakh
"
374,BMW 3 Series 320d Luxury Line," Rs. 7.89 - 14.40 Lakh
"
375,Honda Jazz 1.5 S i DTEC," Rs. 72.90 Lakh
"
376,Jaguar XF 2.2 Litre Luxury," Rs. 72.90 Lakh
"
377,Maruti Swift Dzire VDI," Rs. 49.77 - 76.00 Lakh
"
378,Toyota Corolla Altis 1.8 Sport," Rs. 49.77 - 76.00 Lakh
"
379,Maruti Swift ZXI," Rs. 16.45 - 20.19 Lakh
"
380,Ford Ikon 1.3 LXi NXt," Rs. 16.45 - 20.19 Lakh
"
381,Mahindra Bolero VLX CRDe," Rs. 60.60 - 65.00 Lakh
"
382,Honda City i DTEC VX Option," Rs. 60.60 - 65.00 Lakh
"
383,Chevrolet Sail Hatchback 1.2 LS," Rs. 11.92 - 16.65 Lakh
"
384,Hyundai i20 1.2 Spotz," Rs. 11.92 - 16.65 Lakh
"
385,BMW X1 sDrive 20d Sportline," Rs. 7.04 - 11.25 Lakh
"
386,BMW X1 sDrive 20d Exclusive," Rs. 7.04 - 11.25 Lakh
"
387,Toyota Fortuner 4x2 AT," Rs. 50.80 - 53.80 Lakh
"
388,Mercedes-Benz S Class 2005 2013 S 350 L," Rs. 50.80 - 53.80 Lakh
"
391,Maruti Swift LDI Optional," Rs. 97.80 Lakh - 1.13 Crore
"
392,Mitsubishi Pajero 2.8 SFX BSIV Dual Tone," Rs. 97.80 Lakh - 1.13 Crore
"
393,Jaguar XF 2.2 Litre Executive," Rs. 28.36 - 29.93 Lakh
"
394,Skoda Octavia Ambition 2.0 TDI AT," Rs. 28.36 - 29.93 Lakh
"
397,Mahindra XUV500 W10 2WD," Rs. 25.56 Lakh
"
398,Nissan Terrano XL 85 PS," Rs. 25.56 Lakh
"
399,Hyundai Verna 1.6 SX CRDi (O)," Rs. 10.00 - 14.65 Lakh
"
400,BMW 5 Series 2013-2017 530d M Sport," Rs. 10.00 - 14.65 Lakh
"
401,Mahindra Scorpio S4 Plus," Rs. 72.90 Lakh
"
402,Hyundai Verna 1.6 CRDi SX," Rs. 72.90 Lakh
"
403,Chevrolet Aveo U-VA 1.2 LT," Rs. 11.07 - 17.55 Lakh
"
404,Mahindra Bolero ZLX BSIII," Rs. 11.07 - 17.55 Lakh
"
405,Hyundai Xcent 1.2 Kappa S," Rs. 9.95 - 12.16 Lakh
"
406,BMW 3 Series 320d Prestige," Rs. 9.95 - 12.16 Lakh
"
407,Hyundai EON Sportz," Rs. 72.90 Lakh
"
408,Honda Accord 2.4 MT," Rs. 72.90 Lakh
"
409,Mahindra Xylo E8," Rs. 11.79 - 16.93 Lakh
"
410,BMW 3 Series 320d," Rs. 11.79 - 16.93 Lakh
"
411,Honda City V MT," Rs. 72.90 Lakh
"
412,Mahindra Bolero DI BSII," Rs. 72.90 Lakh
"
413,Maruti Esteem Vxi - BSIII," Rs. 9.95 - 12.16 Lakh
"
414,Hyundai Santro LS zipPlus," Rs. 9.95 - 12.16 Lakh
"
415,Hyundai i20 Sportz Option," Rs. 11.11 - 20.50 Lakh
"
416,Volkswagen Jetta 2013-2015 2.0L TDI Highline," Rs. 11.11 - 20.50 Lakh
"
417,Hyundai Xcent 1.2 Kappa S Option," Rs. 11.56 - 19.40 Lakh
"
418,BMW 5 Series 2013-2017 520d Luxury Line," Rs. 11.56 - 19.40 Lakh
"
419,Ford Ikon 1.3 CLXi," Rs. 72.90 Lakh
"
420,Hyundai Verna 1.6 CRDI," Rs. 72.90 Lakh
"
421,BMW 3 Series 320d Highline," Rs. 11.07 - 17.55 Lakh
"
422,Mercedes-Benz E-Class 2009-2013 E200 CGI Blue Efficiency," Rs. 11.07 - 17.55 Lakh
"
425,Tata Indica DLS," Rs. 3.22 - 4.33 Lakh
"
426,Maruti Ciaz ZDi Plus SHVS," Rs. 3.22 - 4.33 Lakh
"
427,Mercedes-Benz New C-Class C 250 CDI Avantgarde," Rs. 9.41 - 12.47 Lakh
"
428,Toyota Fortuner 4x2 4 Speed AT," Rs. 9.41 - 12.47 Lakh
"
429,Jaguar XJ 2.0L Portfolio," Rs. 33.78 - 51.94 Lakh
"
430,Hyundai i20 1.4 Magna ABS," Rs. 33.78 - 51.94 Lakh
"
431,Toyota Corolla Executive (HE)," Rs. 7.04 - 11.25 Lakh
"
432,Toyota Innova 2.5 ZX Diesel 7 Seater BSIII," Rs. 7.04 - 11.25 Lakh
"
433,Hyundai Grand i10 CRDi Sportz," Rs. 36.33 Lakh
"
434,Volkswagen Vento IPL II Petrol Highline AT," Rs. 36.33 Lakh
"
435,Toyota Innova 2.5 VX (Diesel) 7 Seater BS IV," Rs. 11.56 Lakh
"
436,Hyundai Verna CRDi SX," Rs. 11.56 Lakh
"
437,Honda City i VTEC S," Rs. 11.07 - 17.55 Lakh
"
438,Maruti Ciaz ZXi," Rs. 11.07 - 17.55 Lakh
"
439,Maruti Ertiga ZDI," Rs. 9.41 - 12.47 Lakh
"
440,Mercedes-Benz New C-Class C 220 CDI Elegance AT," Rs. 9.41 - 12.47 Lakh
"
443,Ford Ikon 1.3 Flair," Rs. 11.19 - 20.15 Lakh
"
444,Volkswagen Polo 1.2 MPI Highline," Rs. 11.19 - 20.15 Lakh
"
445,Honda Jazz 1.2 V i VTEC," Rs. 11.56 - 19.40 Lakh
"
446,Honda Amaze EX i-Dtech," Rs. 11.56 - 19.40 Lakh
"
447,Skoda Superb 1.8 TSI MT," Rs. 8.19 - 11.29 Lakh
"
448,Maruti Vitara Brezza LDi Option," Rs. 8.19 - 11.29 Lakh
"
449,Hyundai i20 Asta," Rs. 8.69 - 14.14 Lakh
"
450,Maruti Alto K10 VXI AGS," Rs. 8.69 - 14.14 Lakh
"
451,Mercedes-Benz SLK-Class SLK 350," Rs. 11.19 - 20.15 Lakh
"
452,Ford EcoSport 1.5 TDCi Titanium," Rs. 11.19 - 20.15 Lakh
"
453,Volkswagen Passat Highline DSG," Rs. 7.91 - 11.69 Lakh
"
454,Chevrolet Aveo 1.4," Rs. 7.91 - 11.69 Lakh
"
455,Maruti Ritz LXi," Rs. 4.43 - 5.88 Lakh
"
456,Land Rover Freelander 2 SE," Rs. 4.43 - 5.88 Lakh
"
459,Audi Q5 2008-2012 2.0 TDI," Rs. 29.20 - 36.27 Lakh
"
460,Hyundai Verna 1.6 VTVT," Rs. 29.20 - 36.27 Lakh
"
461,Mercedes-Benz E-Class 2015-2017 E250 CDI Avantgarde," Rs. 11.07 - 17.55 Lakh
"
462,Mercedes-Benz M-Class ML 350 4Matic," Rs. 11.07 - 17.55 Lakh
"
465,BMW X5 xDrive 30d Design Pure Experience 5 Seater," Rs. 8.84 - 13.13 Lakh
"
466,Hyundai Xcent 1.2 Kappa SX Option," Rs. 8.84 - 13.13 Lakh
"
467,BMW 3 Series 320d Corporate Edition," Rs. 11.11 - 20.50 Lakh
"
468,Mini Cooper S," Rs. 11.11 - 20.50 Lakh
"
469,Nissan Terrano XV Premium 110 PS," Rs. 53.50 - 55.00 Lakh
"
470,BMW 3 Series 320d Luxury Plus," Rs. 53.50 - 55.00 Lakh
"
471,Maruti Swift Dzire VXI," Rs. 72.90 Lakh
"
472,Skoda Yeti Elegance 4X2," Rs. 72.90 Lakh
"
473,Ford EcoSport 1.5 Ti VCT AT Titanium," Rs. 7.89 - 14.40 Lakh
"
474,Maruti S Cross DDiS 200 Sigma Option," Rs. 7.89 - 14.40 Lakh
"
477,Hyundai Accent GLS," Rs. 15.50 - 27.25 Lakh
"
478,Maruti Swift LDI SP Limited Edition," Rs. 15.50 - 27.25 Lakh
"
479,Volkswagen Vento Petrol Highline," Rs. 6.49 - 9.64 Lakh
"
480,Volkswagen Jetta 2007-2011 1.9 Highline TDI," Rs. 6.49 - 9.64 Lakh
"
481,Tata Indica V2 DLS," Rs. 11.56 - 19.40 Lakh
"
482,Land Rover Range Rover 3.0 D," Rs. 11.56 - 19.40 Lakh
"
485,Fiat Linea Emotion," Rs. 8.00 - 15.60 Lakh
"
486,Ford Figo Aspire 1.2 Ti-VCT Trend," Rs. 8.00 - 15.60 Lakh
"
487,Maruti Baleno LXI," Rs. 38.17 Lakh
"
488,Mahindra Scorpio 2.6 DX," Rs. 38.17 Lakh
"
489,Chevrolet Cruze LTZ AT," Rs. 13.99 - 24.89 Lakh
"
490,Toyota Innova 2.5 V Diesel 8-seater," Rs. 13.99 - 24.89 Lakh
"
491,Toyota Innova 2.5 GX (Diesel) 8 Seater BS IV," Rs. 19.99 Lakh
"
492,Ford Fiesta 1.4 Duratorq ZXI," Rs. 19.99 Lakh
"
493,Mercedes-Benz A Class A180 CDI," Rs. 7.91 - 11.69 Lakh
"
494,Mercedes-Benz E-Class 2009-2013 E 220 CDI Avantgarde," Rs. 7.91 - 11.69 Lakh
"
499,Hyundai i20 Magna 1.2," Rs. 29.20 - 36.27 Lakh
"
500,Maruti SX4 S Cross DDiS 200 Zeta," Rs. 29.20 - 36.27 Lakh
"
503,Honda Mobilio S i DTEC," Rs. 11.92 - 16.65 Lakh
"
504,Toyota Qualis FS B2," Rs. 11.92 - 16.65 Lakh
"
505,BMW 5 Series 2003-2012 530d Highline," Rs. 11.14 - 19.99 Lakh
"
506,BMW 3 Series 320d M Sport," Rs. 11.14 - 19.99 Lakh
"
507,Chevrolet Aveo 1.4 LT ABS BSIV," Rs. 72.90 Lakh
"
508,Mercedes-Benz E-Class 2009-2013 E250 CDI Elegance," Rs. 72.90 Lakh
"
511,Maruti Wagon R LXI Optional," Rs. 7.04 - 11.25 Lakh
"
512,Hyundai i20 1.4 Asta Option," Rs. 7.04 - 11.25 Lakh
"
513,Volkswagen Polo GT TSI," Rs. 7.04 - 11.25 Lakh
"
514,Maruti Alto Green LXi (CNG)," Rs. 7.04 - 11.25 Lakh
"
515,Skoda Octavia Elegance 2.0 TDI AT," Rs. 8.47 Lakh
"
516,Audi A6 3.0 TDI quattro," Rs. 8.47 Lakh
"
517,Hyundai Verna 1.6 CRDi EX AT," Rs. 65.72 - 72.06 Lakh
"
518,Hyundai Santro Xing GL Plus," Rs. 65.72 - 72.06 Lakh
"
519,Audi A4 2.0 TDI," Rs. 3.22 - 4.33 Lakh
"
520,Skoda Laura 1.9 TDI MT Ambiente," Rs. 3.22 - 4.33 Lakh
"
521,Honda CR-V 2.0L 2WD AT," Rs. 7.89 - 14.40 Lakh
"
522,Honda Mobilio RS i DTEC," Rs. 7.89 - 14.40 Lakh
"
523,Toyota Innova 2.5 G (Diesel) 7 Seater BS IV," Rs. 5.98 - 8.62 Lakh
"
524,Mahindra Bolero VLX BS IV," Rs. 5.98 - 8.62 Lakh
"
525,Volkswagen Vento 1.5 TDI Comfortline," Rs. 9.95 - 12.16 Lakh
"
526,Maruti Zen LXi - BS III," Rs. 9.95 - 12.16 Lakh
"
527,Mercedes-Benz E-Class Facelift," Rs. 7.52 - 13.04 Lakh
"
528,Honda City i DTEC VX," Rs. 7.52 - 13.04 Lakh
"
529,Maruti Swift DDiS ZDI Plus," Rs. 11.92 - 16.65 Lakh
"
530,Maruti Grand Vitara AT," Rs. 11.92 - 16.65 Lakh
"
531,Audi TT 40 TFSI," Rs. 11.19 - 20.15 Lakh
"
532,Mercedes-Benz New C-Class C 200 CGI," Rs. 11.19 - 20.15 Lakh
"
537,Toyota Camry Hybrid," Rs. 13.99 - 24.89 Lakh
"
538,Honda City i DTec V," Rs. 13.99 - 24.89 Lakh
"
539,Volkswagen Jetta 2012-2014 2.0L TDI Trendline," Rs. 11.92 - 16.65 Lakh
"
540,Audi A6 2011-2015 2.0 TDI," Rs. 11.92 - 16.65 Lakh
"
541,Maruti Swift Dzire Vdi BSIV," Rs. 65.72 - 72.06 Lakh
"
542,Audi Q5 30 TDI quattro Premium," Rs. 65.72 - 72.06 Lakh
"
543,Audi Q3 2.0 TDI," Rs. 66.99 - 73.79 Lakh
"
544,Smart Fortwo CDI AT," Rs. 66.99 - 73.79 Lakh
"
545,Tata Sumo DX," Rs. 10.00 Lakh
"
546,Tata Indigo eCS eLX BS IV," Rs. 10.00 Lakh
"
547,Volkswagen Vento TSI," Rs. 5.06 - 6.46 Lakh
"
548,Mitsubishi Outlander 2.4," Rs. 5.06 - 6.46 Lakh
"
549,Porsche Cayman 2009-2012 S," Rs. 26.93 Lakh
"
550,Skoda Fabia 1.2 MPI Ambiente Petrol," Rs. 26.93 Lakh
"
551,Maruti Zen Estilo 1.1 LXI BSIII," Rs. 7.89 - 14.40 Lakh
"
552,Maruti Ciaz 1.4 Delta," Rs. 7.89 - 14.40 Lakh
"
553,Mercedes-Benz New C-Class C 200 Avantgarde Edition C," Rs. 9.41 - 12.47 Lakh
"
554,Maruti Wagon R LXI LPG BSIV," Rs. 9.41 - 12.47 Lakh
"
555,Volkswagen Polo Petrol Highline 1.2L," Rs. 5.65 - 7.48 Lakh
"
556,Hyundai Creta 1.6 SX Plus Diesel," Rs. 5.65 - 7.48 Lakh
"
557,Maruti Ciaz ZDi SHVS," Rs. 12.69 Lakh
"
558,Maruti SX4 Vxi BSIII," Rs. 12.69 Lakh
"
559,Hyundai Elantra CRDi SX," Rs. 11.19 - 20.15 Lakh
"
560,Volkswagen Ameo 1.2 MPI Comfortline," Rs. 11.19 - 20.15 Lakh
"
561,Mahindra KUV 100 mFALCON D75 K6," Rs. 11.56 - 19.40 Lakh
"
562,Maruti Baleno Delta 1.2," Rs. 11.56 - 19.40 Lakh
"
563,Hyundai i20 1.2 Asta," Rs. 6.70 - 9.92 Lakh
"
564,Hyundai i20 Sportz Diesel," Rs. 6.70 - 9.92 Lakh
"
565,Hyundai Xcent 1.2 Kappa Base," Rs. 12.69 Lakh
"
566,Maruti Alto 800 VXI," Rs. 12.69 Lakh
"
567,Mercedes-Benz CLA 200 CDI Sport," Rs. 11.19 - 20.15 Lakh
"
568,Skoda Rapid 1.5 TDI AT Ambition," Rs. 11.19 - 20.15 Lakh
"
569,Hyundai Accent GLS 1.6," Rs. 7.89 - 14.40 Lakh
"
570,Ford Endeavour 2.2 Trend AT 4X2," Rs. 7.89 - 14.40 Lakh
"
571,Chevrolet Beat Diesel PS," Rs. 29.20 - 36.27 Lakh
"
572,Honda Civic 2010-2013 1.8 V MT," Rs. 29.20 - 36.27 Lakh
"
573,Skoda Rapid 1.6 MPI Ambition Plus," Rs. 11.19 - 20.15 Lakh
"
574,Maruti Baleno Vxi - BSIII," Rs. 11.19 - 20.15 Lakh
"
575,Audi Q3 2012-2015 2.0 TDI Quattro Premium Plus," Rs. 11.19 - 20.15 Lakh
"
576,Maruti Wagon R LXI DUO BSIII," Rs. 11.19 - 20.15 Lakh
"
577,Volvo XC60 D5," Rs. 5.65 - 7.48 Lakh
"
578,Honda Jazz 1.5 VX i DTEC," Rs. 5.65 - 7.48 Lakh
"
579,Maruti Wagon R VXI Minor," Rs. 5.98 - 8.62 Lakh
"
580,Mercedes-Benz A Class A180 Sport," Rs. 5.98 - 8.62 Lakh
"
583,Nissan Sunny 2011-2014 XV Special Edition," Rs. 6.84 - 10.19 Lakh
"
584,Maruti A-Star Lxi," Rs. 6.84 - 10.19 Lakh
"
585,Hyundai Verna 1.6 SX VTVT (O) AT," Rs. 8.84 - 13.13 Lakh
"
586,BMW 3 Series 320d Sport Line," Rs. 8.84 - 13.13 Lakh
"
587,Tata Indigo CS eVX," Rs. 72.90 Lakh
"
588,Maruti Omni E MPI STD BS IV," Rs. 72.90 Lakh
"
589,Mahindra Scorpio 2.6 LX," Rs. 8.84 - 13.13 Lakh
"
590,Maruti Swift Dzire VDI Optional," Rs. 8.84 - 13.13 Lakh
"
591,Tata Manza Aura Safire BS IV," Rs. 6.84 - 10.19 Lakh
"
592,Hyundai i20 Asta (o) 1.4 CRDi (Diesel)," Rs. 6.84 - 10.19 Lakh
"
593,Chevrolet Beat Diesel," Rs. 7.04 - 11.25 Lakh
"
594,Tata New Safari DICOR 2.2 EX 4x2," Rs. 7.04 - 11.25 Lakh
"
595,Mercedes-Benz GL-Class 350 CDI Blue Efficiency," Rs. 15.50 - 27.25 Lakh
"
596,BMW X1 sDrive 18i," Rs. 15.50 - 27.25 Lakh
"
597,Renault Captur 1.5 Diesel Platine Mono," Rs. 50.80 Lakh
"
598,Nissan Micra XE," Rs. 50.80 Lakh
"
601,Hyundai Grand i10 Asta Option," Rs. 11.11 - 20.50 Lakh
"
602,Toyota Innova 2.5 G (Diesel) 8 Seater," Rs. 11.11 - 20.50 Lakh
"
603,Tata Indigo GLE," Rs. 19.99 Lakh
"
604,Maruti Swift Dzire LDI," Rs. 19.99 Lakh
"
605,Mahindra XUV500 W4 1.99 mHawk," Rs. 6.84 - 10.19 Lakh
"
606,Hyundai i10 Era 1.1," Rs. 6.84 - 10.19 Lakh
"
607,Tata New Safari DICOR 2.2 EX 4x4," Rs. 5.98 - 8.62 Lakh
"
608,Skoda Laura Elegance MT," Rs. 5.98 - 8.62 Lakh
"
609,Hyundai i20 Asta 1.4 CRDi (Diesel)," Rs. 7.89 - 14.40 Lakh
"
610,Ford Figo 2015-2019 1.5D Trend MT," Rs. 7.89 - 14.40 Lakh
"
611,Porsche Boxster S tiptronic," Rs. 5.23 - 8.37 Lakh
"
612,Hyundai i20 1.2 Sportz Option," Rs. 5.23 - 8.37 Lakh
"
613,Skoda Fabia 1.4 TDI Active," Rs. 7.04 - 11.25 Lakh
"
614,Toyota Corolla Altis D-4D J," Rs. 7.04 - 11.25 Lakh
"
615,Nissan Terrano XL," Rs. 16.45 - 20.19 Lakh
"
616,Hyundai i10 Asta AT," Rs. 16.45 - 20.19 Lakh
"
617,BMW 5 Series 2013-2017 525d Luxury Line," Rs. 5.98 - 8.62 Lakh
"
618,Honda Amaze EX i-Vtech," Rs. 5.98 - 8.62 Lakh
"
619,Maruti Swift LXI," Rs. 8.19 - 11.29 Lakh
"
620,Hyundai EON Era," Rs. 8.19 - 11.29 Lakh
"
621,Hyundai i20 Magna 1.4 CRDi," Rs. 11.11 - 20.50 Lakh
"
622,Toyota Corolla Altis Diesel D4DG," Rs. 11.11 - 20.50 Lakh
"
623,Maruti Swift VDi BSIII W/ ABS," Rs. 36.33 Lakh
"
624,BMW 7 Series 2007-2012 740Li," Rs. 36.33 Lakh
"
625,Hyundai i10 Magna AT," Rs. 72.90 Lakh
"
626,Honda City i DTec VX," Rs. 72.90 Lakh
"
627,Skoda Superb 2009-2014 Elegance 2.0 TDI MT," Rs. 11.92 - 16.65 Lakh
"
628,Maruti Ciaz VDi Plus SHVS," Rs. 11.92 - 16.65 Lakh
"
629,Fiat Avventura MULTIJET Emotion," Rs. 11.19 - 20.15 Lakh
"
630,Mercedes-Benz E-Class 2009-2013 E 200 CGI Avantgarde," Rs. 11.19 - 20.15 Lakh
"
635,Tata Tigor 1.2 Revotron XTA," Rs. 7.62 - 10.10 Lakh
"
636,Tata Indica GLS BS IV," Rs. 7.62 - 10.10 Lakh
"
637,Maruti SX4 S Cross DDiS 320 Zeta," Rs. 8.00 - 15.60 Lakh
"
638,Maruti Swift VXI BSIII," Rs. 8.00 - 15.60 Lakh
"
639,Hyundai Xcent 1.2 Kappa SX," Rs. 11.19 - 20.15 Lakh
"
640,Volkswagen Vento Petrol Trendline," Rs. 11.19 - 20.15 Lakh
"
641,Ford EcoSport 1.5 Ti VCT AT Titanium BE," Rs. 11.56 Lakh
"
642,Fiat Linea Emotion Pack (Diesel)," Rs. 11.56 Lakh
"
643,Volvo XC60 D5 Inscription," Rs. 9.99 Lakh
"
644,Honda City i DTEC S," Rs. 9.99 Lakh
"
645,Toyota Innova 2.5 VX (Diesel) 8 Seater BS IV," Rs. 11.92 - 16.65 Lakh
"
646,Toyota Etios GD SP," Rs. 11.92 - 16.65 Lakh
"
647,Mercedes-Benz E-Class 2015-2017 E350 CDI Avantgrade," Rs. 11.14 - 19.99 Lakh
"
648,Honda Civic 2010-2013 1.8 S MT," Rs. 11.14 - 19.99 Lakh
"
649,Land Rover Freelander 2 HSE," Rs. 7.52 - 13.04 Lakh
"
650,Honda CR-V 2.0L 2WD MT," Rs. 7.52 - 13.04 Lakh
"
651,Toyota Innova 2.5 GX (Diesel) 7 Seater," Rs. 7.29 - 10.05 Lakh
"
652,Tata Manza Aura Safire," Rs. 7.29 - 10.05 Lakh
"
653,Audi Q7 35 TDI Quattro Premium Plus," Rs. 8.00 - 15.60 Lakh
"
654,Honda City i-VTEC S," Rs. 8.00 - 15.60 Lakh
"
655,Honda CR-V 2.4L 4WD AT AVN," Rs. 11.92 - 16.65 Lakh
"
656,Ambassador Classic Nova Diesel," Rs. 11.92 - 16.65 Lakh
"
657,Mahindra Scorpio VLX 2.2 mHawk BSIII," Rs. 9.99 Lakh
"
658,Maruti Zen VX," Rs. 9.99 Lakh
"
659,Maruti 800 DX BSII," Rs. 7.52 - 13.04 Lakh
"
660,BMW 3 Series 328i Sport Line," Rs. 7.52 - 13.04 Lakh
"
661,Mahindra XUV500 W4," Rs. 72.90 Lakh
"
662,Toyota Corolla 1.8 J," Rs. 72.90 Lakh
"
663,Audi Q3 2.0 TDI Quattro," Rs. 11.14 - 19.99 Lakh
"
664,Toyota Camry 2.5 Hybrid," Rs. 11.14 - 19.99 Lakh
"
665,Audi Q5 3.0 TDI Quattro," Rs. 48.00 Lakh
"
666,Maruti Ertiga VDI Limited Edition," Rs. 48.00 Lakh
"
667,Maruti Baleno Sigma 1.2," Rs. 11.19 - 20.15 Lakh
"
668,Hyundai Accent Executive," Rs. 11.19 - 20.15 Lakh
"
669,Land Rover Freelander 2 TD4 S," Rs. 11.11 - 20.50 Lakh
"
670,Tata Indigo eCS LX BSIV," Rs. 11.11 - 20.50 Lakh
"
671,Maruti Alto 800 2016-2019 CNG LXI," Rs. 5.06 - 6.46 Lakh
"
672,Hyundai Santro GLS I - Euro II," Rs. 5.06 - 6.46 Lakh
"
673,Honda City 1.5 EXI," Rs. 5.98 - 8.62 Lakh
"
674,Hyundai Grand i10 CRDi Sportz Celebration Edition," Rs. 5.98 - 8.62 Lakh
"
675,Ford Figo Petrol LXI," Rs. 5.98 - 8.62 Lakh
"
676,Toyota Innova 2.5 ZX Diesel 7 Seater," Rs. 5.98 - 8.62 Lakh
"
677,Maruti Ciaz 1.4 AT Alpha," Rs. 36.33 Lakh
"
678,Honda City 1.3 DX," Rs. 36.33 Lakh
"
679,Ford EcoSport 1.0 Ecoboost Titanium Plus BE," Rs. 11.92 - 16.65 Lakh
"
680,Skoda Octavia Ambition 1.8 TSI AT," Rs. 11.92 - 16.65 Lakh
"
683,Land Rover Discovery 4 TDV6 SE," Rs. 6.49 - 9.64 Lakh
"
684,Volkswagen Beetle 2.0," Rs. 6.49 - 9.64 Lakh
"
685,Volkswagen Polo GT TDI," Rs. 21.77 Lakh
"
686,Honda City 1.3 EXI," Rs. 21.77 Lakh
"
687,Fiat Petra 1.2 EL," Rs. 11.92 - 16.65 Lakh
"
688,Ford Fiesta 1.4 Duratec EXI," Rs. 11.92 - 16.65 Lakh
"
689,Maruti Swift 1.3 ZXI," Rs. 6.21 - 10.51 Lakh
"
690,BMW 7 Series 730Ld," Rs. 6.21 - 10.51 Lakh
"
691,Skoda Rapid 1.6 MPI AT Style Plus," Rs. 72.90 Lakh
"
692,Honda City i DTec E," Rs. 72.90 Lakh
"
693,Honda Brio S Option MT," Rs. 19.99 - 26.82 Lakh
"
694,Toyota Corolla Altis 2008-2013 1.8 VL AT," Rs. 19.99 - 26.82 Lakh
"
695,Maruti Baleno Vxi," Rs. 16.45 - 20.19 Lakh
"
696,Mahindra Scorpio LX BS IV," Rs. 16.45 - 20.19 Lakh
"
697,Skoda Laura 1.8 TSI Ambiente," Rs. 13.99 - 24.89 Lakh
"
698,Maruti SX4 Zxi BSIII," Rs. 13.99 - 24.89 Lakh
"
699,Land Rover Range Rover 3.6 TDV8 Vogue SE Diesel," Rs. 7.52 - 13.04 Lakh
"
700,Hyundai Santa Fe 4WD AT," Rs. 7.52 - 13.04 Lakh
"
703,Tata Manza Aqua Quadrajet," Rs. 11.19 - 20.15 Lakh
"
704,Chevrolet Optra Magnum 2.0 LT," Rs. 11.19 - 20.15 Lakh
"
705,Nissan Micra XL," Rs. 7.81 - 10.00 Lakh
"
706,Hyundai Creta 1.6 VTVT E Plus," Rs. 7.81 - 10.00 Lakh
"
707,Honda Accord 2.4 Elegance A/T," Rs. 11.11 - 20.50 Lakh
"
708,Honda City 1.5 S AT," Rs. 11.11 - 20.50 Lakh
"
709,Maruti Baleno Alpha 1.3," Rs. 11.92 - 16.65 Lakh
"
710,Hyundai i20 Era 1.4 CRDi," Rs. 11.92 - 16.65 Lakh
"
711,Mercedes-Benz E-Class 2015-2017 E350 Edition E," Rs. 7.04 - 11.25 Lakh
"
712,Nissan Terrano XV 110 PS," Rs. 7.04 - 11.25 Lakh
"
713,Hyundai Getz 1.5 CRDi GVS," Rs. 10.00 - 14.65 Lakh
"
714,BMW 5 Series 520d Sport Line," Rs. 10.00 - 14.65 Lakh
"
715,Ford Figo Petrol ZXI," Rs. 72.90 Lakh
"
716,Hyundai i10 Era 1.1 iTech SE," Rs. 72.90 Lakh
"
717,Honda City V MT Exclusive," Rs. 5.98 - 8.62 Lakh
"
718,Ford EcoSport 1.5 TDCi Ambiente," Rs. 5.98 - 8.62 Lakh
"
719,BMW 5 Series 523i Sedan," Rs. 7.91 - 11.69 Lakh
"
720,Ford Ecosport 1.0 Ecoboost Platinum Edition," Rs. 7.91 - 11.69 Lakh
"
721,Audi A7 2011-2015 3.0 TDI Quattro," Rs. 7.91 - 11.69 Lakh
"
722,Tata Indica Vista Quadrajet VX," Rs. 7.91 - 11.69 Lakh
"
723,Honda Jazz 1.2 V AT i VTEC Privilege," Rs. 4.14 - 6.70 Lakh
"
724,Ford Figo 2015-2019 1.5P Titanium AT," Rs. 4.14 - 6.70 Lakh
"
725,Chevrolet Beat Diesel LS," Rs. 5.23 - 8.37 Lakh
"
726,Volkswagen Polo GTI," Rs. 5.23 - 8.37 Lakh
"
729,Nissan Micra Active XL Petrol," Rs. 19.99 Lakh
"
730,Mercedes-Benz New C-Class 200 Kompressor," Rs. 19.99 Lakh
"
733,Hyundai i20 1.4 Asta (AT)," Rs. 11.07 - 17.55 Lakh
"
734,Mercedes-Benz New C-Class C 220CDIBE Avantgarde Command," Rs. 11.07 - 17.55 Lakh
"
737,Tata Nano LX," Rs. 6.21 - 10.51 Lakh
"
738,Land Rover Range Rover Sport 2005 2012 Sport," Rs. 6.21 - 10.51 Lakh
"
741,Mahindra Scorpio S6 7 Seater," Rs. 66.99 - 73.79 Lakh
"
742,Toyota Corolla Altis Aero D 4D J," Rs. 66.99 - 73.79 Lakh
"
743,Maruti 800 Std BSIII," Rs. 16.45 - 20.19 Lakh
"
744,Maruti Baleno Zeta 1.2," Rs. 16.45 - 20.19 Lakh
"
745,Mini Cooper Countryman D," Rs. 6.70 - 9.92 Lakh
"
746,Mercedes-Benz S Class 2005 2013 320 CDI," Rs. 6.70 - 9.92 Lakh
"
749,Tata Manza Club Class Quadrajet90 LX," Rs. 19.99 Lakh
"
750,Maruti Ritz VXI," Rs. 19.99 Lakh
"
751,Jaguar XJ 3.0L Portfolio LWB," Rs. 11.19 - 20.15 Lakh
"
752,Honda Accord VTi-L (AT)," Rs. 11.19 - 20.15 Lakh
"
753,Hyundai i20 Asta (o)," Rs. 11.19 - 20.15 Lakh
"
754,Chevrolet Optra Magnum 1.6 LT ABS BS3," Rs. 11.19 - 20.15 Lakh
"
755,Honda Civic 2006-2010 1.8 V AT," Rs. 7.81 - 10.00 Lakh
"
756,BMW X3 xDrive20d," Rs. 7.81 - 10.00 Lakh
"
757,Skoda Laura Ambition 2.0 TDI CR AT," Rs. 77.80 Lakh
"
758,Honda Accord 2.4 AT," Rs. 77.80 Lakh
"
759,Honda Jazz 1.2 E i VTEC," Rs. 11.79 - 16.93 Lakh
"
760,Nissan Sunny 2011-2014 Diesel XL," Rs. 11.79 - 16.93 Lakh
"
763,Chevrolet Optra 1.6 Elite," Rs. 66.99 - 73.79 Lakh
"
764,Toyota Innova 2.5 GX 7 STR BSIV," Rs. 66.99 - 73.79 Lakh
"
765,Honda City i DTec SV," Rs. 19.99 - 26.82 Lakh
"
766,Maruti SX4 ZDI Leather," Rs. 19.99 - 26.82 Lakh
"
767,Audi Q7 35 TDI Quattro Technology," Rs. 7.52 - 13.04 Lakh
"
768,Volkswagen Passat Diesel Highline 2.0 TDI," Rs. 7.52 - 13.04 Lakh
"
771,Maruti Wagon R LX BS IV," Rs. 11.92 - 16.65 Lakh
"
772,Maruti Ertiga VXI CNG," Rs. 11.92 - 16.65 Lakh
"
773,Hyundai Grand i10 1.2 CRDi Sportz Option," Rs. 8.47 Lakh
"
774,Mahindra Bolero ZLX," Rs. 8.47 Lakh
"
775,Volkswagen Jetta 2012-2014 2.0L TDI Comfortline," Rs. 9.95 - 12.16 Lakh
"
776,Skoda Yeti Elegance," Rs. 9.95 - 12.16 Lakh
"
777,Maruti Wagon R VXI Minor ABS," Rs. 7.89 - 14.40 Lakh
"
778,Skoda Rapid 1.6 MPI Elegance Black Package," Rs. 7.89 - 14.40 Lakh
"
779,Maruti Swift Dzire ZXI," Rs. 7.89 - 14.40 Lakh
"
780,Nissan Micra XV CVT," Rs. 7.89 - 14.40 Lakh
"
781,Audi Q7 4.2 FSI quattro," Rs. 6.63 - 8.13 Lakh
"
782,Volkswagen Polo 1.5 TDI Comfortline," Rs. 6.63 - 8.13 Lakh
"
783,Maruti 800 AC BSIII," Rs. 11.56 - 19.40 Lakh
"
784,Volkswagen Polo 1.5 TDI Trendline," Rs. 11.56 - 19.40 Lakh
"
785,Chevrolet Captiva LTZ VCDi," Rs. 11.56 - 19.40 Lakh
"
786,Volkswagen Jetta 2013-2015 2.0L TDI Highline AT," Rs. 11.56 - 19.40 Lakh
"
787,Maruti Ciaz 1.4 Zeta," Rs. 11.56 - 19.40 Lakh
"
788,Mahindra Scorpio 2009-2014 VLX 4WD AT 7S BSIV," Rs. 11.56 - 19.40 Lakh
"
789,Chevrolet Aveo U-VA 1.2 LS," Rs. 13.99 - 24.89 Lakh
"
790,Maruti Ciaz ZXi Option," Rs. 13.99 - 24.89 Lakh
"
791,Honda Jazz 1.2 SV i VTEC," Rs. 9.41 - 12.47 Lakh
"
792,Skoda Fabia 1.2 TDI Ambition," Rs. 9.41 - 12.47 Lakh
"
793,Hyundai i10 Magna(O) with Sun Roof," Rs. 7.89 - 14.40 Lakh
"
794,Ford Ecosport 1.5 Ti VCT AT Titanium," Rs. 7.89 - 14.40 Lakh
"
795,Mercedes-Benz E-Class 2009-2013 E350 CDI Avantgarde," Rs. 38.17 Lakh
"
796,Audi A4 35 TDI Premium," Rs. 38.17 Lakh
"
797,Nissan Sunny 2011-2014 XL," Rs. 46.99 - 55.84 Lakh
"
798,Chevrolet Aveo 1.4 LS," Rs. 46.99 - 55.84 Lakh
"
799,Honda Mobilio V i DTEC," Rs. 1.82 - 2.27 Crore
"
800,Maruti A-Star AT Vxi Aktiv," Rs. 1.82 - 2.27 Crore
"
801,Mercedes-Benz New C-Class C 200 Kompressor Elegance AT," Rs. 11.19 - 20.15 Lakh
"
802,Hyundai i20 1.4 Asta CRDi with AVN," Rs. 11.19 - 20.15 Lakh
"
803,Skoda Octavia Rider 1.9 TDI MT," Rs. 7.04 - 11.25 Lakh
"
804,Renault Duster Petrol RxL," Rs. 7.04 - 11.25 Lakh
"
805,Nissan Micra Diesel," Rs. 6.10 Lakh
"
806,Audi Q5 3.0 TDI Quattro Technology," Rs. 6.10 Lakh
"
807,Mahindra Xylo E8 ABS BS IV," Rs. 66.99 - 73.79 Lakh
"
808,Hyundai Verna 1.6 SX VTVT AT," Rs. 66.99 - 73.79 Lakh
"
809,Fiat Punto EVO 1.2 Emotion," Rs. 11.07 - 17.55 Lakh
"
810,Mahindra TUV 300 2015-2019 mHAWK100 T8 AMT," Rs. 11.07 - 17.55 Lakh
"
811,Ford Endeavour 4x2 XLT Limited Edition," Rs. 7.99 - 15.57 Lakh
"
812,BMW 3 Series 320d GT Luxury Line," Rs. 7.99 - 15.57 Lakh
"
813,Maruti Baleno Delta Automatic," Rs. 72.90 Lakh
"
814,Tata Nano Lx," Rs. 72.90 Lakh
"
815,Toyota Etios G Safety," Rs. 2.05 Lakh
"
816,Tata Indica V2 DLS TC," Rs. 2.05 Lakh
"
817,Ford Figo 1.5D Titanium Plus MT," Rs. 3.77 - 5.11 Lakh
"
818,Nissan Sunny XL," Rs. 3.77 - 5.11 Lakh
"
821,Mahindra TUV 300 2015-2019 mHAWK100 T8," Rs. 29.20 - 36.27 Lakh
"
822,BMW X6 xDrive 40d," Rs. 29.20 - 36.27 Lakh
"
823,Maruti Wagon R AMT VXI Option," Rs. 1.35 Crore
"
824,Maruti Zen Estilo 1.1 LX BSIII," Rs. 1.35 Crore
"
825,Mahindra Verito 1.5 D6 BSIV," Rs. 7.52 - 13.04 Lakh
"
826,Porsche Cayenne Diesel," Rs. 7.52 - 13.04 Lakh
"
829,Hyundai EON 1.0 Kappa Magna Plus Optional," Rs. 72.90 Lakh
"
830,Hyundai i20 Sportz 1.2," Rs. 72.90 Lakh
"
831,Maruti Ritz ZXi," Rs. 9.47 Lakh
"
832,Hyundai Xcent 1.2 Kappa AT S Option," Rs. 9.47 Lakh
"
833,Honda Amaze E i-Vtech," Rs. 11.11 - 20.50 Lakh
"
834,Ford Figo Petrol Titanium," Rs. 11.11 - 20.50 Lakh
"
835,Volkswagen Ameo 1.2 MPI Trendline," Rs. 7.99 Lakh
"
836,Ford Ecosport 1.5 DV5 MT Trend," Rs. 7.99 Lakh
"
837,Volkswagen Vento 1.5 TDI Highline," Rs. 7.91 - 11.69 Lakh
"
838,Hyundai i20 Sportz Petrol," Rs. 7.91 - 11.69 Lakh
"
839,Audi Q5 2.0 TDI," Rs. 11.11 Lakh
"
840,Hyundai i20 Magna," Rs. 11.11 Lakh
"
841,Mahindra KUV 100 mFALCON D75 K4 Plus 5str," Rs. 7.79 Lakh
"
842,Maruti Vitara Brezza VDi Option," Rs. 7.79 Lakh
"
843,BMW X1 xDrive 20d xLine," Rs. 8.69 - 14.14 Lakh
"
844,Nissan Evalia 2013 XL," Rs. 8.69 - 14.14 Lakh
"
845,Mini Cooper Countryman D High," Rs. 9.54 - 12.75 Lakh
"
846,Fiat Linea T-Jet Active," Rs. 9.54 - 12.75 Lakh
"
847,Chevrolet Aveo 1.4 LT," Rs. 7.19 Lakh
"
848,Hyundai Santro DX," Rs. 7.19 Lakh
"
849,Volkswagen Vento 1.5 TDI Highline AT," Rs. 3.90 - 6.45 Lakh
"
850,Skoda Rapid 1.6 MPI Elegance," Rs. 3.90 - 6.45 Lakh
"
851,Chevrolet Optra Magnum 2.0 LT BS3," Rs. 7.89 - 14.40 Lakh
"
852,Toyota Innova 2.5 LE 2014 Diesel 7 Seater," Rs. 7.89 - 14.40 Lakh
"
853,Tata Indica V2 eLX," Rs. 36.33 Lakh
"
854,Chevrolet Enjoy 1.3 TCDi LS 8," Rs. 36.33 Lakh
"
855,Ford Fiesta 1.4 Duratorq EXI," Rs. 5.28 - 7.21 Lakh
"
856,Volkswagen Ameo 1.5 TDI Highline AT," Rs. 5.28 - 7.21 Lakh
"
857,Honda Jazz 1.2 S i VTEC," Rs. 11.56 - 19.40 Lakh
"
858,Renault Scala Diesel RxL," Rs. 11.56 - 19.40 Lakh
"
861,BMW 5 Series 2007-2010 525d Sedan," Rs. 11.14 - 19.99 Lakh
"
862,Mitsubishi Pajero 2.8 SFX BSIII Dual Tone," Rs. 11.14 - 19.99 Lakh
"
863,Toyota Corolla H2," Rs. 28.36 - 29.93 Lakh
"
864,Hyundai Xcent 1.2 Kappa S Option CNG," Rs. 28.36 - 29.93 Lakh
"
865,Mercedes-Benz E-Class 200 Kompressor Elegance," Rs. 11.11 - 20.50 Lakh
"
866,Mahindra Scorpio 1.99 S10," Rs. 11.11 - 20.50 Lakh
"
867,Skoda Fabia 1.2L Diesel Classic," Rs. 13.99 - 24.89 Lakh
"
868,Honda City i VTEC CVT SV," Rs. 13.99 - 24.89 Lakh
"
869,Tata Sumo EX," Rs. 11.92 - 16.65 Lakh
"
870,Fiat Linea 1.3 Dynamic," Rs. 11.92 - 16.65 Lakh
"
871,Audi A3 35 TDI Technology," Rs. 7.19 Lakh
"
872,Hyundai i20 1.4 CRDi Magna," Rs. 7.19 Lakh
"
873,Ford Fiesta 1.6 ZXI Duratec," Rs. 7.04 - 11.25 Lakh
"
874,Toyota Innova 2.0 GX 8 STR," Rs. 7.04 - 11.25 Lakh
"
875,Ford Figo 1.2P Titanium MT," Rs. 19.99 - 26.82 Lakh
"
876,BMW 7 Series 740Li," Rs. 19.99 - 26.82 Lakh
"
877,Skoda Rapid 1.5 TDI AT Elegance," Rs. 1.84 Crore
"
878,BMW 3 Series 320d Sport," Rs. 1.84 Crore
"
879,Mercedes-Benz E-Class 220 CDI," Rs. 72.90 Lakh
"
880,Mahindra Renault Logan 1.4 GLX Petrol," Rs. 72.90 Lakh
"
883,Hyundai Verna 1.6 CRDi EX MT," Rs. 7.91 - 11.69 Lakh
"
884,Mahindra Scorpio VLX 2WD AIRBAG BSIV," Rs. 7.91 - 11.69 Lakh
"
885,Mahindra Xylo E4," Rs. 13.99 - 24.89 Lakh
"
886,Toyota Innova 2.5 G3," Rs. 13.99 - 24.89 Lakh
"
887,Mercedes-Benz E-Class 2009-2013 E 200 CGI Elegance," Rs. 19.99 - 26.82 Lakh
"
888,Ford Fiesta 1.4 SXi TDCi ABS," Rs. 19.99 - 26.82 Lakh
"
889,Maruti Ritz AT," Rs. 6.49 - 9.64 Lakh
"
890,Mahindra Scorpio 2.6 CRDe," Rs. 6.49 - 9.64 Lakh
"
891,Mahindra Scorpio S4 7 Seater," Rs. 13.99 - 24.89 Lakh
"
892,Mahindra Jeep MM 550 PE," Rs. 13.99 - 24.89 Lakh
"
893,Hyundai Sonata Embera 2.0L CRDi MT," Rs. 7.99 Lakh
"
894,Renault Duster Adventure Edition," Rs. 7.99 Lakh
"
897,Mahindra TUV 300 T8," Rs. 11.07 - 17.55 Lakh
"
898,Hyundai Accent GLE 1," Rs. 11.07 - 17.55 Lakh
"
899,Maruti Swift 1.3 LXI," Rs. 11.11 - 20.50 Lakh
"
900,Hyundai Verna SX CRDi AT," Rs. 11.11 - 20.50 Lakh
"
901,BMW X3 xDrive20d Expedition," Rs. 11.07 - 17.55 Lakh
"
902,BMW 6 Series 640d Coupe," Rs. 11.07 - 17.55 Lakh
"
905,Mahindra Quanto C8," Rs. 1.42 - 2.00 Crore
"
906,Toyota Corolla H5," Rs. 1.42 - 2.00 Crore
"
907,Mahindra KUV 100 mFALCON D75 K4," Rs. 11.14 - 19.99 Lakh
"
908,BMW 3 Series 2005-2011 325i Sedan," Rs. 11.14 - 19.99 Lakh
"
909,Toyota Fortuner 4x2 MT TRD Sportivo," Rs. 60.60 Lakh
"
910,Tata Indigo CS Emax CNG GLX," Rs. 60.60 Lakh
"
911,Maruti Zen VXI," Rs. 8.90 Lakh
"
912,Maruti Baleno Alpha 1.2," Rs. 8.90 Lakh
"
913,Hyundai Santa Fe 2WD AT," Rs. 6.70 - 9.92 Lakh
"
914,Honda City 1.5 V MT Exclusive," Rs. 6.70 - 9.92 Lakh
"
915,Mahindra Bolero SLE BSIII," Rs. 11.92 - 16.65 Lakh
"
916,Ford Endeavour 2.2 Titanium AT 4X2," Rs. 11.92 - 16.65 Lakh
"
917,Maruti Ciaz AT ZXi," Rs. 29.20 - 36.27 Lakh
"
918,Mahindra XUV500 W10 AWD," Rs. 29.20 - 36.27 Lakh
"
919,Maruti Swift VDI BSIV W ABS," Rs. 7.99 - 15.57 Lakh
"
920,Mahindra Scorpio SLE BSIII," Rs. 7.99 - 15.57 Lakh
"
921,Volkswagen Jetta 2007-2011 2.0 TDI Trendline," Rs. 13.99 - 24.89 Lakh
"
922,Volkswagen Vento 1.6 Highline," Rs. 13.99 - 24.89 Lakh
"
923,Nissan Terrano XL 110 PS," Rs. 11.56 - 19.40 Lakh
"
924,Audi A4 2.0 TFSI," Rs. 11.56 - 19.40 Lakh
"
925,Mercedes-Benz E-Class E250 CDI Launch Edition," Rs. 46.99 - 55.84 Lakh
"
926,Renault Duster 85PS Diesel RxE," Rs. 46.99 - 55.84 Lakh
"
929,Maruti Swift Dzire 1.2 Lxi BSIV," Rs. 45.90 Lakh
"
930,Maruti Omni MPI STD BSIV," Rs. 45.90 Lakh
"
931,Maruti SX4 VDI," Rs. 7.52 - 13.04 Lakh
"
932,Ford Fiesta Titanium 1.5 TDCi," Rs. 7.52 - 13.04 Lakh
"
933,Mercedes-Benz E-Class E270 CDI," Rs. 7.91 - 11.69 Lakh
"
934,Maruti Baleno Zeta Automatic," Rs. 7.91 - 11.69 Lakh
"
937,Hyundai i20 1.2 Era," Rs. 11.56 - 19.40 Lakh
"
938,Toyota Camry W4 (AT)," Rs. 11.56 - 19.40 Lakh
"
939,BMW 5 Series 2013-2017 520d M Sport," Rs. 48.00 Lakh
"
940,Chevrolet Sail Hatchback 1.2 LS ABS," Rs. 48.00 Lakh
"
943,Skoda Rapid 1.6 MPI AT Elegance," Rs. 16.45 - 20.19 Lakh
"
944,Maruti Zen Estilo LXI BSIII," Rs. 16.45 - 20.19 Lakh
"
945,Mercedes-Benz M-Class ML 250 CDI," Rs. 7.52 - 13.04 Lakh
"
946,Maruti Swift LXI Option," Rs. 7.52 - 13.04 Lakh
"
947,Mercedes-Benz M-Class ML 350 CDI Corporate," Rs. 6.49 - 9.64 Lakh
"
948,Toyota Innova Crysta 2.4 G MT," Rs. 6.49 - 9.64 Lakh
"
949,Toyota Etios Liva V," Rs. 6.90 - 10.00 Lakh
"
950,Toyota Qualis RS E2," Rs. 6.90 - 10.00 Lakh
"
951,Ford Ecosport 1.5 Ti VCT MT Titanium," Rs. 11.14 - 19.99 Lakh
"
952,BMW X6 xDrive30d," Rs. 11.14 - 19.99 Lakh
"
953,Hyundai Santro Xing GLS LPG," Rs. 1.12 Crore
"
954,Maruti Ciaz VDi," Rs. 1.12 Crore
"
957,BMW 1 Series 118d Sport Line," Rs. 5.23 - 8.37 Lakh
"
958,Tata Safari DICOR 2.2 LX 4x2," Rs. 5.23 - 8.37 Lakh
"
959,Mahindra Scorpio VLX 4WD AIRBAG BSIV," Rs. 15.50 - 27.25 Lakh
"
960,Honda City ZX VTEC," Rs. 15.50 - 27.25 Lakh
"
961,Porsche Cayman 2009-2012 S tiptronic," Rs. 11.92 - 16.65 Lakh
"
962,Land Rover Range Rover Sport 2005 2012 HSE," Rs. 11.92 - 16.65 Lakh
"
965,Maruti Celerio LXI," Rs. 5.93 Lakh
"
966,Tata Nano XT," Rs. 5.93 Lakh
"
968,Chevrolet Enjoy 1.3 TCDi LTZ 8," Rs. 8.00 - 15.60 Lakh
"
969,BMW X5 xDrive 30d M Sport," Rs. 5.28 - 7.21 Lakh
"
970,Skoda Fabia 1.2 MPI Ambition Plus," Rs. 5.28 - 7.21 Lakh
"
971,Hyundai Santro AT," Rs. 7.89 - 14.40 Lakh
"
972,Mahindra Xylo D2 BSIV," Rs. 7.89 - 14.40 Lakh
"
973,Mercedes-Benz GLA Class 200 Sport Edition," Rs. 7.99 - 15.57 Lakh
"
974,Mercedes-Benz CLA 200 Sport Edition," Rs. 7.99 - 15.57 Lakh
"
977,Toyota Corolla Altis G MT," Rs. 15.50 - 27.25 Lakh
"
978,Maruti Grand Vitara 2.4 MT," Rs. 15.50 - 27.25 Lakh
"
979,Mahindra XUV500 W8 1.99 mHawk," Rs. 11.19 - 20.15 Lakh
"
980,Maruti Estilo LXI," Rs. 11.19 - 20.15 Lakh
"
981,Maruti Wagon R Stingray LXI," Rs. 7.52 - 13.04 Lakh
"
982,Skoda Laura Elegance 2.0 TDI CR AT," Rs. 7.52 - 13.04 Lakh
"
985,Volvo XC90 2007-2015 D5 AWD," Rs. 7.04 - 11.25 Lakh
"
986,Mahindra Scorpio S2 7 Seater," Rs. 7.04 - 11.25 Lakh
"
987,Mercedes-Benz New C-Class C 200 CGI Elegance," Rs. 14.49 Lakh
"
988,Jaguar XJ 3.0L Portfolio," Rs. 14.49 Lakh
"
989,Hyundai i20 Magna 1.4 CRDi (Diesel)," Rs. 99.56 Lakh - 1.97 Crore
"
990,Ford Figo Diesel EXI Option," Rs. 99.56 Lakh - 1.97 Crore
"
991,Hyundai i10 Magna LPG," Rs. 9.99 Lakh
"
992,Maruti Baleno Delta 1.3," Rs. 9.99 Lakh
"
993,Hyundai Xcent 1.2 CRDi E Plus," Rs. 6.70 - 9.92 Lakh
"
994,Nissan Sunny Diesel XV," Rs. 6.70 - 9.92 Lakh
"
997,Audi Q3 2012-2015 35 TDI Quattro Premium," Rs. 11.56 Lakh
"
998,Maruti Ciaz ZDi Plus," Rs. 11.56 Lakh
"
999,Mercedes-Benz CLA 200 CDI Style," Rs. 9.41 - 12.47 Lakh
"
1000,Toyota Innova 2.5 GX (Diesel) 8 Seater," Rs. 9.41 - 12.47 Lakh
"
1001,Toyota Etios Petrol TRD Sportivo," Rs. 19.99 Lakh
"
1002,Honda Accord 2.4 M/T," Rs. 19.99 Lakh
"
1003,Audi A4 35 TDI Premium Sport," Rs. 11.79 - 16.93 Lakh
"
1004,Toyota Corolla DX," Rs. 11.79 - 16.93 Lakh
"
1005,Hyundai i20 2015-2017 1.2 Asta," Rs. 9.01 Lakh
"
1006,Honda Accord 2001-2003 2.3 VTi L AT," Rs. 9.01 Lakh
"
1009,Hyundai Grand i10 CRDi Asta," Rs. 11.07 - 17.55 Lakh
"
1010,BMW 6 Series Gran Coupe," Rs. 11.07 - 17.55 Lakh
"
1011,Maruti SX4 Green Vxi (CNG)," Rs. 1.20 - 1.30 Crore
"
1012,Skoda Octavia 2.0 TDI AT Style Plus," Rs. 1.20 - 1.30 Crore
"
1017,Hyundai Santro GLS II - Euro II," Rs. 88.70 - 97.85 Lakh
"
1018,BMW 3 Series 318i Sedan," Rs. 88.70 - 97.85 Lakh
"
1021,Audi A4 2.0 TDI Premium Sport Limited Edition," Rs. 8.19 - 11.29 Lakh
"
1022,Skoda Octavia Ambiente 1.9 TDI MT," Rs. 8.19 - 11.29 Lakh
"
1027,Mahindra Scorpio VLX 2WD BSIV," Rs. 1.03 Crore
"
1028,Chevrolet Tavera LS B3 10 Seats BSIII," Rs. 1.03 Crore
"
1029,Hyundai Santro Xing XG eRLX Euro III," Rs. 1.03 Crore
"
1030,Maruti Celerio ZXI AT," Rs. 3.22 - 4.33 Lakh
"
1031,Mitsubishi Montero 3.2 GLS," Rs. 3.22 - 4.33 Lakh
"
1032,Honda Civic 2006-2010 1.8 (E) MT," Rs. 68.63 Lakh
"
1033,Hyundai i20 2015-2017 Magna 1.2," Rs. 68.63 Lakh
"
1034,Hyundai i20 Sportz Option 1.2," Rs. 7.04 - 11.25 Lakh
"
1035,Tata Xenon XT EX 4X4," Rs. 7.04 - 11.25 Lakh
"
1036,Hyundai EON Magna," Rs. 9.10 - 10.05 Lakh
"
1037,Tata Nano Cx," Rs. 9.10 - 10.05 Lakh
"
1038,Renault Scala RxL," Rs. 8.00 - 15.60 Lakh
"
1039,Tata Indigo CS LX (TDI) BS III," Rs. 8.00 - 15.60 Lakh
"
1040,Ford Fiesta 1.4 TDCi EXI," Rs. 3.83 - 5.28 Lakh
"
1041,Hyundai Grand i10 CRDi SportZ Edition," Rs. 3.83 - 5.28 Lakh
"
1042,Audi A4 1.8 TFSI," Rs. 5.98 - 8.62 Lakh
"
1043,Hyundai Verna Transform SX VTVT," Rs. 5.98 - 8.62 Lakh
"
1044,Hyundai Getz GLS ABS," Rs. 11.07 - 17.55 Lakh
"
1045,Hyundai Grand i10 1.2 Kappa Sportz Option," Rs. 11.07 - 17.55 Lakh
"
1046,Ford Figo 2015-2019 1.2P Sports Edition MT," Rs. 5.98 - 8.62 Lakh
"
1047,Audi Q5 2.0 TDI Technology," Rs. 5.98 - 8.62 Lakh
"
1048,Honda Amaze S i-DTEC," Rs. 66.99 - 73.79 Lakh
"
1049,Porsche Panamera Diesel," Rs. 66.99 - 73.79 Lakh
"
1052,Mahindra Bolero mHAWK D70 ZLX," Rs. 9.41 - 12.47 Lakh
"
1053,Maruti Swift Dzire 1.2 Vxi BSIV," Rs. 9.41 - 12.47 Lakh
"
1054,Maruti Wagon R VXi BSII," Rs. 6.84 - 10.19 Lakh
"
1055,Honda Mobilio E i VTEC," Rs. 6.84 - 10.19 Lakh
"
1056,Skoda Superb 3.6 V6 FSI," Rs. 19.99 - 26.82 Lakh
"
1057,Hyundai i20 1.4 Sportz," Rs. 19.99 - 26.82 Lakh
"
1058,Maruti Celerio ZXI Optional," Rs. 7.04 - 11.25 Lakh
"
1059,Ford Figo Diesel LXI," Rs. 7.04 - 11.25 Lakh
"
1060,Volvo S60 D3," Rs. 9.99 Lakh
"
1061,Mahindra KUV 100 mFALCON G80 K2," Rs. 9.99 Lakh
"
1062,Mahindra TUV 300 T8 AMT," Rs. 7.99 - 15.57 Lakh
"
1063,Mahindra Scorpio DX 2.6 Turbo 8 Str," Rs. 7.99 - 15.57 Lakh
"
1064,Hyundai Tucson CRDi," Rs. 13.99 - 24.89 Lakh
"
1065,Porsche Panamera Diesel 250hp," Rs. 13.99 - 24.89 Lakh
"
1068,Maruti Wagon R VXI BS IV with ABS," Rs. 11.19 - 20.15 Lakh
"
1069,Toyota Etios VX," Rs. 11.19 - 20.15 Lakh
"
1070,Volkswagen CrossPolo 1.5 TDI," Rs. 11.14 - 19.99 Lakh
"
1071,Skoda Rapid 1.6 MPI AT Style," Rs. 11.14 - 19.99 Lakh
"
1072,Hyundai Verna CRDi," Rs. 7.89 - 14.40 Lakh
"
1073,Hyundai i20 Active S Diesel," Rs. 7.89 - 14.40 Lakh
"
1074,Honda CR-V 2.4L 4WD MT," Rs. 12.69 Lakh
"
1075,Ford Fiesta 1.4 ZXi TDCi ABS," Rs. 12.69 Lakh
"
1076,Hyundai Verna 1.6 CRDi S," Rs. 7.91 - 11.69 Lakh
"
1077,Maruti Wagon R Vx," Rs. 7.91 - 11.69 Lakh
"
1080,Hyundai EON D Lite Plus Option," Rs. 4.85 - 5.92 Lakh
"
1081,Maruti Swift VDI Optional," Rs. 4.85 - 5.92 Lakh
"
1082,Maruti Swift AMT VDI," Rs. 11.19 - 20.15 Lakh
"
1083,Mahindra Scorpio 2009-2014 SLE 7S BSIV," Rs. 11.19 - 20.15 Lakh
"
1084,Hyundai Getz GLE," Rs. 13.99 - 24.89 Lakh
"
1085,Honda Brio E MT," Rs. 13.99 - 24.89 Lakh
"
1086,Skoda Superb Elegance 1.8 TSI MT," Rs. 11.79 - 16.93 Lakh
"
1087,Ford Ecosport 1.5 Ti VCT MT Trend," Rs. 11.79 - 16.93 Lakh
"
1088,BMW 7 Series 730Ld Sedan," Rs. 38.17 Lakh
"
1089,Renault Fluence Diesel E4," Rs. 38.17 Lakh
"
1092,Mahindra TUV 300 2015-2019 T8," Rs. 97.80 Lakh - 1.13 Crore
"
1093,Maruti Wagon R Stingray VXI," Rs. 97.80 Lakh - 1.13 Crore
"
1094,Chevrolet Sail Hatchback LS ABS," Rs. 11.19 - 20.15 Lakh
"
1095,Tata Zest Quadrajet 1.3," Rs. 11.19 - 20.15 Lakh
"
1096,BMW X3 xDrive20d xLine," Rs. 8.00 - 15.60 Lakh
"
1097,Maruti Wagon R LX BSIII," Rs. 8.00 - 15.60 Lakh
"
1098,Hyundai Getz GLS," Rs. 5.65 - 7.48 Lakh
"
1099,Maruti Omni MPI CARGO BSIV," Rs. 5.65 - 7.48 Lakh
"
1100,Mercedes-Benz B Class 2012-2015 B200 Sport CDI," Rs. 7.52 - 13.04 Lakh
"
1101,Mahindra Scorpio VLX 4WD," Rs. 7.52 - 13.04 Lakh
"
1102,Toyota Innova 2.5 G4 Diesel 8-seater," Rs. 13.99 - 24.89 Lakh
"
1103,Maruti Swift Dzire Ldi BSIV," Rs. 13.99 - 24.89 Lakh
"
1104,Chevrolet Spark 1.0 LT," Rs. 6.84 - 10.19 Lakh
"
1105,Tata Tigor 1.05 Revotorq XZ Option," Rs. 6.84 - 10.19 Lakh
"
1106,Ford Figo Aspire 1.5 TDCi Trend," Rs. 6.00 - 9.45 Lakh
"
1107,Tata Venture EX," Rs. 6.00 - 9.45 Lakh
"
1108,Ford Endeavour 2.5L 4X2 MT," Rs. 8.00 - 15.60 Lakh
"
1109,Maruti Swift Ldi BSIII," Rs. 8.00 - 15.60 Lakh
"
1110,Ford Figo Diesel Celebration Edition," Rs. 6.49 - 9.64 Lakh
"
1111,Mahindra Thar DI 4X4," Rs. 6.49 - 9.64 Lakh
"
1112,Mercedes-Benz New C-Class C 250 CDI Elegance," Rs. 11.50 - 17.60 Lakh
"
1113,Mercedes-Benz New C-Class 200 CDI Elegance," Rs. 11.50 - 17.60 Lakh
"
1116,Honda Jazz 1.5 SV i DTEC," Rs. 8.00 - 15.60 Lakh
"
1117,Tata Manza Aura Plus Quadrajet BS IV," Rs. 8.00 - 15.60 Lakh
"
1118,Tata Indigo eCS LS (TDI) BS-III," Rs. 8.00 - 15.60 Lakh
"
1119,Hyundai Grand i10 Era," Rs. 8.00 - 15.60 Lakh
"
1120,BMW X3 xDrive20d Advantage Edition," Rs. 5.98 - 8.62 Lakh
"
1121,Honda City V AT," Rs. 5.98 - 8.62 Lakh
"
1122,Mahindra Ssangyong Rexton RX5," Rs. 11.92 - 16.65 Lakh
"
1123,Volvo S60 D4 KINETIC," Rs. 11.92 - 16.65 Lakh
"
1124,Porsche Panamera 2010 2013 4S," Rs. 45.90 Lakh
"
1125,Ford EcoSport 1.5 TDCi Trend," Rs. 45.90 Lakh
"
1126,Honda City 1.5 E MT," Rs. 7.91 - 11.69 Lakh
"
1127,Hyundai Verna 1.6 EX VTVT," Rs. 7.91 - 11.69 Lakh
"
1128,Tata New Safari DICOR 2.2 EX 4x4 BS IV," Rs. 6.21 - 10.51 Lakh
"
1129,Tata Indigo eCS eLS BS IV," Rs. 6.21 - 10.51 Lakh
"
1130,Mini Cooper S Carbon Edition," Rs. 5.06 - 6.46 Lakh
"
1131,Skoda Laura Ambiente 2.0 TDI CR MT," Rs. 5.06 - 6.46 Lakh
"
1136,Skoda Rapid 1.6 MPI Active," Rs. 11.07 - 17.55 Lakh
"
1137,Hyundai Santro GS," Rs. 11.07 - 17.55 Lakh
"
1142,Skoda Laura Ambition 2.0 TDI CR MT," Rs. 11.92 - 16.65 Lakh
"
1143,Tata Tiago Wizz 1.05 Revotorq," Rs. 11.92 - 16.65 Lakh
"
1144,Mahindra Scorpio S8 8 Seater," Rs. 5.00 - 8.45 Lakh
"
1145,Chevrolet Enjoy TCDi LS 8 Seater," Rs. 5.00 - 8.45 Lakh
"
1146,Audi A7 2011-2015 Sportback," Rs. 5.00 - 8.45 Lakh
"
1147,Ford Fiesta 1.4 ZXi Leather," Rs. 55.99 - 56.94 Lakh
"
1148,Ford EcoSport 1.5 TDCi Trend Plus," Rs. 55.99 - 56.94 Lakh
"
1149,Maruti Swift LDI BSIV," Rs. 7.91 - 11.69 Lakh
"
1150,Maruti Ertiga Paseo VDI," Rs. 7.91 - 11.69 Lakh
"
1151,Maruti Zen Estilo LXI BS IV," Rs. 11.19 - 20.15 Lakh
"
1152,Tata Manza Aqua Safire," Rs. 11.19 - 20.15 Lakh
"
1153,Volkswagen Vento Sport 1.2 TSI AT," Rs. 8.00 - 15.60 Lakh
"
1154,Mahindra Xylo D2 BS III," Rs. 8.00 - 15.60 Lakh
"
1155,Volkswagen Polo 1.2 MPI Highline Plus," Rs. 7.99 - 15.57 Lakh
"
1156,Maruti Zen LXI," Rs. 7.99 - 15.57 Lakh
"
1157,Tata Safari Storme VX," Rs. 7.52 - 13.04 Lakh
"
1158,Volkswagen Jetta 2012-2014 1.4 TSI," Rs. 7.52 - 13.04 Lakh
"
1159,Honda Jazz Select Edition," Rs. 11.56 - 19.40 Lakh
"
1160,Maruti S Cross DDiS 320 Alpha," Rs. 11.56 - 19.40 Lakh
"
1163,Hyundai Santro GS zipDrive - Euro II," Rs. 6.84 - 10.19 Lakh
"
1164,Toyota Corolla Altis GL MT," Rs. 6.84 - 10.19 Lakh
"
1165,Mercedes-Benz E-Class 280 Elegance," Rs. 6.90 - 10.00 Lakh
"
1166,Maruti 800 Std," Rs. 6.90 - 10.00 Lakh
"
1167,Honda Accord 2.4 Elegance M/T," Rs. 7.52 - 13.04 Lakh
"
1168,Toyota Corolla Altis G HV AT," Rs. 7.52 - 13.04 Lakh
"
1169,Land Rover Range Rover Vogue SE 4.4 SDV8," Rs. 6.90 - 10.00 Lakh
"
1170,Toyota Etios G SP," Rs. 6.90 - 10.00 Lakh
"
1171,Skoda Rapid 2013-2016 1.6 MPI Ambition," Rs. 6.90 - 10.00 Lakh
"
1172,Renault Duster 110PS Diesel RxZ Plus," Rs. 6.90 - 10.00 Lakh
"
1175,Tata Manza Aura Quadrajet BS IV," Rs. 5.98 - 8.62 Lakh
"
1176,Audi Q3 35 TDI Quattro Premium Plus," Rs. 5.98 - 8.62 Lakh
"
1177,Toyota Innova 2.5 GX 7 STR," Rs. 44.99 - 55.64 Lakh
"
1178,Nissan Micra XL Primo," Rs. 44.99 - 55.64 Lakh
"
1179,Hyundai Verna Transform CRDi VGT SX ABS," Rs. 6.63 - 8.13 Lakh
"
1180,Hyundai Sonata Transform 2.4 GDi MT," Rs. 6.63 - 8.13 Lakh
"
1181,Skoda Superb 1.8 TFSI MT," Rs. 15.34 - 17.91 Lakh
"
1182,Mercedes-Benz M-Class ML 320 CDI," Rs. 15.34 - 17.91 Lakh
"
1185,Hyundai i10 Asta 1.2 AT with Sunroof," Rs. 7.99 - 15.57 Lakh
"
1186,Ford Figo Aspire 1.2 Ti-VCT Titanium," Rs. 7.99 - 15.57 Lakh
"
1187,BMW 7 Series 2007-2012 750Li," Rs. 38.17 Lakh
"
1188,Hyundai EON 1.0 Magna Plus Option O," Rs. 38.17 Lakh
"
1189,Hyundai Xcent 1.2 Kappa AT SX Option," Rs. 11.11 - 20.50 Lakh
"
1190,Skoda Rapid 1.6 MPI AT Elegance Plus," Rs. 11.11 - 20.50 Lakh
"
1191,Mitsubishi Pajero 2.8 GLX CRZ," Rs. 7.89 - 14.40 Lakh
"
1192,Maruti SX4 Vxi BSIV," Rs. 7.89 - 14.40 Lakh
"
1193,Hyundai i10 Magna 1.1 iTech SE," Rs. 11.19 - 20.15 Lakh
"
1194,Renault Duster 85PS Diesel RxL Optional with Nav," Rs. 11.19 - 20.15 Lakh
"
1197,Honda Brio S Option AT," Rs. 11.07 - 17.55 Lakh
"
1198,Hyundai i10 Sportz Option," Rs. 11.07 - 17.55 Lakh
"
1199,Skoda Octavia L and K 1.9 TDI MT," Rs. 5.98 - 8.62 Lakh
"
1200,Hyundai Getz GVS," Rs. 5.98 - 8.62 Lakh
"
1201,Hyundai i20 Sportz Option Diesel," Rs. 11.11 - 20.50 Lakh
"
1202,Mahindra XUV500 AT W10 AWD," Rs. 11.11 - 20.50 Lakh
"
1203,Mahindra Bolero SLX 2WD," Rs. 7.99 - 15.57 Lakh
"
1204,Renault Scala RxL AT," Rs. 7.99 - 15.57 Lakh
"
1205,Land Rover Freelander 2 HSE SD4," Rs. 6.10 - 8.98 Lakh
"
1206,Tata Indigo XL Classic Dicor," Rs. 6.10 - 8.98 Lakh
"
1207,Nissan Micra XV," Rs. 5.83 - 8.03 Lakh
"
1208,Honda CR-V 2.0 AT," Rs. 5.83 - 8.03 Lakh
"
1211,Hyundai Elite i20 Petrol Sportz," Rs. 19.99 - 26.82 Lakh
"
1212,BMW 5 Series 2003-2012 530d," Rs. 19.99 - 26.82 Lakh
"
1213,Honda Accord VTi-L MT," Rs. 72.90 Lakh
"
1214,Mahindra Xylo D4 BS III," Rs. 72.90 Lakh
"
1215,Volkswagen Passat 1.8 TSI MT," Rs. 7.99 - 15.57 Lakh
"
1216,Skoda Rapid 1.6 MPI AT Ambition Plus Alloy," Rs. 7.99 - 15.57 Lakh
"
1217,Mahindra Quanto C4," Rs. 7.89 - 14.40 Lakh
"
1218,Hyundai Sonata Transform 2.4 GDi AT," Rs. 7.89 - 14.40 Lakh
"
1219,Maruti Ertiga SHVS ZDI Plus," Rs. 15.34 - 17.91 Lakh
"
1220,Hyundai Xcent 1.1 CRDi S Option," Rs. 15.34 - 17.91 Lakh
"
1221,Mitsubishi Pajero 4X4 LHD," Rs. 11.11 - 20.50 Lakh
"
1222,Honda Brio EX MT," Rs. 11.11 - 20.50 Lakh
"
1223,Hyundai i20 Asta Option 1.4 CRDi," Rs. 6.21 - 10.51 Lakh
"
1224,Honda Amaze S i-VTEC," Rs. 6.21 - 10.51 Lakh
"
1225,Mahindra KUV 100 mFALCON G80 K6 Plus," Rs. 8.19 - 11.29 Lakh
"
1226,Volkswagen Polo 1.2 MPI Comfortline," Rs. 8.19 - 11.29 Lakh
"
1227,Jaguar XJ 3.0L Premium Luxury," Rs. 11.56 - 19.40 Lakh
"
1228,Hyundai Verna 1.4 EX," Rs. 11.56 - 19.40 Lakh
"
1229,Hyundai Grand i10 Asta Option AT," Rs. 6.21 - 10.51 Lakh
"
1230,Nissan Teana 230jM," Rs. 6.21 - 10.51 Lakh
"
1231,Land Rover Discovery Sport SD4 HSE Luxury 7S," Rs. 6.14 - 11.92 Lakh
"
1232,Mahindra Scorpio VLX 4WD AIRBAG AT BSIV," Rs. 6.14 - 11.92 Lakh
"
1233,Datsun GO Plus T," Rs. 13.99 - 24.89 Lakh
"
1234,Mahindra Scorpio S6 Plus 7 Seater," Rs. 13.99 - 24.89 Lakh
"
1235,Hyundai Verna 1.4 CX VTVT," Rs. 14.49 Lakh
"
1236,Skoda Rapid 1.6 MPI Ambition With Alloy Wheel," Rs. 14.49 Lakh
"
1237,Maruti S Cross DDiS 200 Delta," Rs. 7.89 - 14.40 Lakh
"
1238,Ford Figo 2015-2019 1.5D Titanium MT," Rs. 7.89 - 14.40 Lakh
"
1239,Maruti Swift LXi BSIV," Rs. 5.23 - 8.37 Lakh
"
1240,Mercedes-Benz CLS-Class 2006-2010 350 CDI," Rs. 5.23 - 8.37 Lakh
"
1243,Maruti Wagon R LX DUO BSIII," Rs. 7.91 - 11.69 Lakh
"
1244,Hyundai Xcent 1.2 VTVT E Plus," Rs. 7.91 - 11.69 Lakh
"
1245,Maruti Alto 800 LXI Airbag," Rs. 6.21 - 10.51 Lakh
"
1246,Hyundai Creta 1.4 E Plus Diesel," Rs. 6.21 - 10.51 Lakh
"
1247,Skoda Rapid 1.6 TDI Elegance," Rs. 12.69 Lakh
"
1248,ISUZU D-MAX V-Cross 4X4," Rs. 12.69 Lakh
"
1249,Hyundai Verna 1.4 CRDi GL," Rs. 21.20 - 30.96 Lakh
"
1250,Ford Figo Aspire 1.5 TDCi Ambiente," Rs. 21.20 - 30.96 Lakh
"
1251,Hyundai Verna VTVT 1.6 AT EX," Rs. 5.23 - 8.37 Lakh
"
1252,Honda CR-V Sport," Rs. 5.23 - 8.37 Lakh
"
1253,Hyundai i20 2015-2017 Sportz AT 1.4," Rs. 11.11 - 20.50 Lakh
"
1254,Maruti SX4 Zxi with Leather BSIII," Rs. 11.11 - 20.50 Lakh
"
1255,Honda Brio VX," Rs. 7.52 - 13.04 Lakh
"
1256,Tata Safari Storme 2012-2015 VX," Rs. 7.52 - 13.04 Lakh
"
1257,BMW 5 Series 530d Highline Sedan," Rs. 15.50 - 27.25 Lakh
"
1258,Ford Fiesta 1.4 ZXi Duratec," Rs. 15.50 - 27.25 Lakh
"
1259,Renault Fluence 1.5," Rs. 7.91 - 11.69 Lakh
"
1260,Honda Mobilio V Option i DTEC," Rs. 7.91 - 11.69 Lakh
"
1261,Chevrolet Captiva LT," Rs. 21.20 - 30.96 Lakh
"
1262,Maruti Alto 800 2016-2019 LXI Optional," Rs. 21.20 - 30.96 Lakh
"
1263,Volvo S60 D5 Summum," Rs. 4.23 - 6.21 Lakh
"
1264,Maruti Esteem Vxi," Rs. 4.23 - 6.21 Lakh
"
1265,Honda City ZX EXi," Rs. 11.19 - 20.15 Lakh
"
1266,Mercedes-Benz E-Class 250 D W 210," Rs. 11.19 - 20.15 Lakh
"
1269,Hyundai i20 2015-2017 1.2 Magna," Rs. 36.33 Lakh
"
1270,Maruti Baleno RS 1.0 Petrol," Rs. 36.33 Lakh
"
1271,Nissan Sunny 2011-2014 XL AT Special Edition," Rs. 7.52 Lakh
"
1272,Mahindra Xylo E4 ABS BS III," Rs. 7.52 Lakh
"
1273,Nissan X-Trail SLX MT," Rs. 7.99 - 15.57 Lakh
"
1274,Hyundai Creta 1.4 CRDi S," Rs. 7.99 - 15.57 Lakh
"
1275,Hyundai Verna 1.6 CRDI SX Option," Rs. 11.11 - 20.50 Lakh
"
1276,Ford Fiesta 1.6 ZXi Leather," Rs. 11.11 - 20.50 Lakh
"
1277,Ford Endeavour Hurricane LE," Rs. 7.91 - 11.69 Lakh
"
1278,Skoda Octavia Ambiente 1.9 TDI," Rs. 7.91 - 11.69 Lakh
"
1281,Volkswagen Ameo 1.2 MPI Highline Plus 16," Rs. 11.19 - 20.15 Lakh
"
1282,Renault Fluence 2.0," Rs. 11.19 - 20.15 Lakh
"
1283,Maruti Alto Std," Rs. 15.97 - 17.69 Lakh
"
1284,Fiat Linea 1.3 Emotion," Rs. 15.97 - 17.69 Lakh
"
1285,Land Rover Discovery 3 TDV6 Diesel Automatic," Rs. 7.19 Lakh
"
1286,Maruti Dzire New," Rs. 7.19 Lakh
"
1289,Chevrolet Optra Magnum 2.0 LS BSIII," Rs. 5.98 - 8.62 Lakh
"
1290,Maruti Celerio ZXI," Rs. 5.98 - 8.62 Lakh
"
1291,Nissan Terrano XV 110 PS Limited Edition," Rs. 5.64 - 7.37 Lakh
"
1292,Honda Accord VTi-L AT," Rs. 5.64 - 7.37 Lakh
"
1293,Fiat Grande Punto 1.2 Dynamic," Rs. 11.19 - 20.15 Lakh
"
1294,Maruti Ertiga LXI," Rs. 11.19 - 20.15 Lakh
"
1295,Toyota Corolla Altis 1.8 G CNG," Rs. 8.84 - 13.13 Lakh
"
1296,Maruti Ignis 1.3 Zeta," Rs. 8.84 - 13.13 Lakh
"
1297,Tata Indigo CS eGVX," Rs. 5.85 - 8.26 Lakh
"
1298,Mercedes-Benz S-Class 320 L," Rs. 5.85 - 8.26 Lakh
"
1301,Nissan Micra Diesel XL," Rs. 28.36 - 29.93 Lakh
"
1302,Hyundai Verna 1.6 VTVT AT SX," Rs. 28.36 - 29.93 Lakh
"
1303,Renault KWID AMT RXL," Rs. 11.07 - 17.55 Lakh
"
1304,Ford Figo 2015-2019 1.5D Ambiente MT," Rs. 11.07 - 17.55 Lakh
"
1305,Nissan Micra Diesel XV Primo," Rs. 5.23 - 8.37 Lakh
"
1306,Skoda Octavia Style Plus 2.0 TDI AT," Rs. 5.23 - 8.37 Lakh
"
1309,Honda Accord 2.4 Inspire M/T," Rs. 46.99 - 55.84 Lakh
"
1310,Hyundai i20 Asta Optional with Sunroof 1.2," Rs. 46.99 - 55.84 Lakh
"
1311,Fiat Punto 1.3 Emotion," Rs. 7.04 - 11.25 Lakh
"
1312,Maruti Swift RS VDI," Rs. 7.04 - 11.25 Lakh
"
1313,Volkswagen Passat 2.0 PD DSG," Rs. 11.19 - 20.15 Lakh
"
1314,Honda CR-V 2.4 4WD AT," Rs. 11.19 - 20.15 Lakh
"
1315,Mercedes-Benz R-Class R350 4Matic Long," Rs. 11.11 - 20.50 Lakh
"
1316,Toyota Etios Cross 1.4 GD," Rs. 11.11 - 20.50 Lakh
"
1317,Tata Indica Vista TDI LX," Rs. 6.45 - 8.27 Lakh
"
1318,Skoda Octavia Rider Classic 1.9 TDI," Rs. 6.45 - 8.27 Lakh
"
1321,Ford Ecosport 1.0 Ecoboost Titanium," Rs. 7.89 - 14.40 Lakh
"
1322,Tata Indica V2 DLG TC," Rs. 7.89 - 14.40 Lakh
"
1323,Maruti Baleno LXI - BSIII," Rs. 3.77 - 5.11 Lakh
"
1324,Maruti Celerio VXI AT Optional," Rs. 3.77 - 5.11 Lakh
"
1325,Ford Classic 1.4 Duratorq Titanium," Rs. 11.19 - 20.15 Lakh
"
1326,Maruti Ciaz ZDi," Rs. 11.19 - 20.15 Lakh
"
1327,Audi A4 3.0 TDI Quattro," Rs. 9.41 - 12.47 Lakh
"
1328,Mitsubishi Pajero Sport 4X4 AT," Rs. 9.41 - 12.47 Lakh
"
1329,Toyota Corolla Altis JS MT," Rs. 28.36 - 29.93 Lakh
"
1330,Skoda Yeti Ambition 4WD," Rs. 28.36 - 29.93 Lakh
"
1331,Hyundai i20 1.2 Asta with AVN," Rs. 7.89 - 14.40 Lakh
"
1332,Mercedes-Benz S-Class 280 AT," Rs. 7.89 - 14.40 Lakh
"
1335,Fiat Grande Punto EVO 1.3 Active," Rs. 13.99 - 24.89 Lakh
"
1336,Maruti Eeco Smiles 5 Seater AC," Rs. 13.99 - 24.89 Lakh
"
1337,Volkswagen Vento 1.2 TSI Highline AT," Rs. 7.52 Lakh
"
1338,Mahindra KUV 100 mFALCON D75 K4 Plus," Rs. 7.52 Lakh
"
1339,Mahindra Scorpio VLX AT AIRBAG BSIV," Rs. 11.39 - 12.49 Lakh
"
1340,Honda City 1.5 V AT Exclusive," Rs. 11.39 - 12.49 Lakh
"
1341,Honda City V MT AVN," Rs. 11.92 - 16.65 Lakh
"
1342,Renault Duster RXZ AWD," Rs. 11.92 - 16.65 Lakh
"
1345,Ford Ikon 1.6 ZXI NXt," Rs. 5.23 - 8.37 Lakh
"
1346,Mahindra Scorpio 2009-2014 LX 2WD 7S," Rs. 5.23 - 8.37 Lakh
"
1347,Ford Figo Aspire 1.5 Ti-VCT Titanium," Rs. 13.99 - 24.89 Lakh
"
1348,Renault Duster 110PS Diesel RxL AMT," Rs. 13.99 - 24.89 Lakh
"
1355,Volkswagen Ameo 1.2 MPI Anniversary Edition," Rs. 5.98 - 8.62 Lakh
"
1356,Toyota Camry 2.5 G," Rs. 5.98 - 8.62 Lakh
"
1357,Toyota Fortuner 4x2 AT TRD Sportivo," Rs. 6.90 - 10.00 Lakh
"
1358,Honda Jazz 1.5 V i DTEC," Rs. 6.90 - 10.00 Lakh
"
1359,Mahindra KUV 100 mFALCON D75 K8," Rs. 21.20 - 30.96 Lakh
"
1360,Honda Jazz Mode," Rs. 21.20 - 30.96 Lakh
"
1361,Maruti Esteem LX BSII," Rs. 8.20 - 10.42 Lakh
"
1362,Toyota Innova 2.5 GX (Diesel) 7 Seater BS IV," Rs. 8.20 - 10.42 Lakh
"
1363,Skoda Laura RS," Rs. 36.33 Lakh
"
1364,Honda City i DTec S," Rs. 36.33 Lakh
"
1365,Tata New Safari 4X4 EX," Rs. 11.92 - 16.65 Lakh
"
1366,Renault KWID 1.0 RXL," Rs. 11.92 - 16.65 Lakh
"
1367,Maruti Ciaz RS ZXi Plus," Rs. 4.70 - 6.45 Lakh
"
1368,Maruti Zen Estilo 1.1 VXI BSIII," Rs. 4.70 - 6.45 Lakh
"
1369,Maruti Ritz LXI," Rs. 11.19 - 20.15 Lakh
"
1370,Toyota Corolla Altis 1.8 Limited Edition," Rs. 11.19 - 20.15 Lakh
"
1371,Toyota Etios VXD," Rs. 16.45 - 20.19 Lakh
"
1372,Skoda Superb 2.8 V6 AT," Rs. 16.45 - 20.19 Lakh
"
1375,Mercedes-Benz New C-Class C220 CDI Executive Edition," Rs. 38.17 Lakh
"
1376,Ford Endeavour 4x2 XLT," Rs. 38.17 Lakh
"
1377,Ford Figo Petrol EXI," Rs. 29.20 - 36.27 Lakh
"
1378,Tata Indica Vista TDI LS," Rs. 29.20 - 36.27 Lakh
"
1379,Volvo XC60 D4 Summum," Rs. 4.14 - 6.70 Lakh
"
1380,Datsun Redi GO Sport," Rs. 4.14 - 6.70 Lakh
"
1381,Hyundai Verna 1.6 CRDi AT S," Rs. 4.12 - 7.00 Lakh
"
1382,Tata Indica V2 DLS BSIII," Rs. 4.12 - 7.00 Lakh
"
1383,Honda Mobilio E i DTEC," Rs. 3.77 - 5.11 Lakh
"
1384,Ford Fusion Plus 1.4 TDCi Diesel," Rs. 3.77 - 5.11 Lakh
"
1385,Hyundai Xcent 1.1 CRDi SX Option," Rs. 11.39 - 12.49 Lakh
"
1386,Ford Fiesta 1.4 Duratec EXI Limited Edition," Rs. 11.39 - 12.49 Lakh
"
1387,BMW 5 Series 530i Sedan," Rs. 6.21 - 10.51 Lakh
"
1388,Fiat Grande Punto 1.4 Emotion," Rs. 6.21 - 10.51 Lakh
"
1389,Volvo XC90 2007-2015 D5 AT AWD," Rs. 4.73 - 7.93 Lakh
"
1390,BMW 3 Series 320i," Rs. 4.73 - 7.93 Lakh
"
1391,Volkswagen Jetta 2007-2011 1.9 TDI Trendline," Rs. 72.90 Lakh
"
1392,Maruti Grand Vitara MT," Rs. 72.90 Lakh
"
1395,Honda Jazz Active," Rs. 7.04 - 11.25 Lakh
"
1396,Maruti Ritz ZXI," Rs. 7.04 - 11.25 Lakh
"
1397,Toyota Fortuner TRD Sportivo 2.8 2WD AT," Rs. 7.52 - 13.04 Lakh
"
1398,Tata Nano Cx BSIV," Rs. 7.52 - 13.04 Lakh
"
1399,Skoda Superb Ambition 2.0 TDI CR AT," Rs. 8.00 - 15.60 Lakh
"
1400,Tata Tigor 1.05 Revotorq XT," Rs. 8.00 - 15.60 Lakh
"
1401,Mahindra Scorpio SLX," Rs. 6.00 - 9.45 Lakh
"
1402,Audi A4 35 TDI Technology Edition," Rs. 6.00 - 9.45 Lakh
"
1403,Honda Civic 2006-2010 1.8 MT Sport," Rs. 46.99 - 55.84 Lakh
"
1404,Mercedes-Benz E-Class 2009-2013 E250 CDI Classic," Rs. 46.99 - 55.84 Lakh
"
1407,BMW 6 Series 650i Coupe," Rs. 36.33 Lakh
"
1408,Skoda Fabia 1.2 Petrol Active," Rs. 36.33 Lakh
"
1409,Fiat Siena 1.2 ELX," Rs. 7.89 Lakh
"
1410,Ford Fiesta 1.6 ZXi Duratec," Rs. 7.89 Lakh
"
1411,Tata Indica Vista Quadrajet 90 ZX Plus," Rs. 7.91 - 11.69 Lakh
"
1412,Hyundai i20 Active 1.4 SX," Rs. 7.91 - 11.69 Lakh
"
1413,Ford EcoSport 1.5 TDCi Trend Plus BE," Rs. 7.04 - 11.25 Lakh
"
1414,Maruti Alto LXi BSII," Rs. 7.04 - 11.25 Lakh
"
1415,Hyundai Verna 1.6 CRDi AT SX," Rs. 4.23 - 6.21 Lakh
"
1416,Mercedes-Benz SLK-Class 55 AMG," Rs. 4.23 - 6.21 Lakh
"
1419,Mercedes-Benz E-Class 2015-2017 E 200 CGI," Rs. 4.73 - 7.93 Lakh
"
1420,Jaguar XF Aero Sport Edition," Rs. 4.73 - 7.93 Lakh
"
1421,Maruti 1000 AC," Rs. 49.77 - 76.00 Lakh
"
1422,Ford Fiesta 1.5 TDCi Titanium," Rs. 49.77 - 76.00 Lakh
"
1423,Mercedes-Benz SL-Class SL 500," Rs. 7.91 - 11.69 Lakh
"
1424,Skoda Rapid 1.6 MPI AT Ambition Plus," Rs. 7.91 - 11.69 Lakh
"
1425,Hyundai Verna Xi (Petrol)," Rs. 7.89 - 14.40 Lakh
"
1426,Ford Ikon 1.6 CLXI," Rs. 7.89 - 14.40 Lakh
"
1427,Honda Civic 2010-2013 1.8 V AT Sunroof," Rs. 7.91 - 11.69 Lakh
"
1428,Hyundai Santa Fe 4X2," Rs. 7.91 - 11.69 Lakh
"
1431,Audi A3 35 TDI Premium," Rs. 4.23 - 6.21 Lakh
"
1432,BMW 7 Series 2007-2012 730Ld," Rs. 4.23 - 6.21 Lakh
"
1433,Mitsubishi Lancer GLXD," Rs. 72.90 Lakh
"
1434,Volkswagen Jetta 2012-2014 2.0L TDI Highline," Rs. 72.90 Lakh
"
1435,BMW 5 Series 2003-2012 540i Sedan," Rs. 11.56 - 19.40 Lakh
"
1436,BMW 6 Series 630i Coupe," Rs. 11.56 - 19.40 Lakh
"
1441,Land Rover Range Rover 3.6 TDV8 Vogue SE," Rs. 13.99 - 24.89 Lakh
"
1442,Tata Indica V2 DLX," Rs. 13.99 - 24.89 Lakh
"
1443,Hyundai Santro Xing XL AT eRLX Euro II," Rs. 3.77 - 5.11 Lakh
"
1444,BMW Z4 2009-2013 Roadster 2.5i," Rs. 3.77 - 5.11 Lakh
"
1445,Hyundai Santro Xing XL AT eRLX Euro III," Rs. 92.90 Lakh
"
1446,Toyota Prius 2009-2016 Z4," Rs. 92.90 Lakh
"
1447,Chevrolet Optra Magnum 1.6 LS Petrol," Rs. 11.14 - 19.99 Lakh
"
1448,Hyundai Xcent 1.1 CRDi SX," Rs. 11.14 - 19.99 Lakh
"
1449,Nissan Micra Active XV S," Rs. 11.11 - 20.50 Lakh
"
1450,Land Rover Discovery Sport TD4 S," Rs. 11.11 - 20.50 Lakh
"
1453,Fiat Punto 1.4 Emotion," Rs. 13.99 - 24.89 Lakh
"
1454,Tata Indica V2 DLE BSIII," Rs. 13.99 - 24.89 Lakh
"
1455,Tata Nano STD SE," Rs. 10.00 Lakh
"
1456,Maruti Swift VXI BSIII W/ ABS," Rs. 10.00 Lakh
"
1457,Force One LX 4x4," Rs. 11.19 - 20.15 Lakh
"
1458,Honda Jazz S," Rs. 11.19 - 20.15 Lakh
"
1463,Maruti Versa DX2 BS II," Rs. 66.99 - 73.79 Lakh
"
1464,Skoda Fabia 1.2 MPI Classic," Rs. 66.99 - 73.79 Lakh
"
1465,Ford Fiesta 1.6 ZXi ABS," Rs. 7.89 - 14.40 Lakh
"
1466,Ford Fiesta Diesel Trend," Rs. 7.89 - 14.40 Lakh
"
1467,Mercedes-Benz E-Class E 200 CGI," Rs. 9.99 Lakh
"
1468,Hyundai Sonata 2.4 GDI," Rs. 9.99 Lakh
"
1469,Tata New Safari Dicor EX 4X2," Rs. 11.11 - 20.50 Lakh
"
1470,BMW 3 Series 330 Ci Convertible," Rs. 11.11 - 20.50 Lakh
"
1471,Jaguar XJ 5.0 L V8 Supercharged," Rs. 92.90 Lakh
"
1472,Chevrolet Aveo 1.6 LT," Rs. 92.90 Lakh
"
1473,Mercedes-Benz GLC 220d Celebration Edition," Rs. 4.43 - 5.88 Lakh
"
1474,BMW 3 Series 320d Dynamic," Rs. 4.43 - 5.88 Lakh
"
1475,Audi A4 1.8 TFSI Technology Edition," Rs. 72.90 Lakh
"
1476,Skoda Rapid 1.5 TDI Ambition," Rs. 72.90 Lakh
"
1477,Tata Indica V2 2001-2011 eLS," Rs. 7.89 - 14.40 Lakh
"
1478,Maruti Zen VXi - BS III," Rs. 7.89 - 14.40 Lakh
"
1479,Chevrolet Enjoy Petrol LS 7 Seater," Rs. 11.19 - 20.15 Lakh
"
1480,Hyundai Getz 1.3 GLS," Rs. 11.19 - 20.15 Lakh
"
1481,Tata Safari Storme 2012-2015 EX," Rs. 11.11 - 20.50 Lakh
"
1482,Maruti Swift Dzire ZDi," Rs. 11.11 - 20.50 Lakh
"
1483,Force One LX ABS 7 Seating," Rs. 6.84 - 10.19 Lakh
"
1484,Maruti Swift LXI BSIV," Rs. 6.84 - 10.19 Lakh
"
1485,Mercedes-Benz E-Class 230," Rs. 6.49 - 9.64 Lakh
"
1486,Nissan Terrano XL Plus 85 PS," Rs. 6.49 - 9.64 Lakh
"
1487,Volkswagen Jetta 2012-2014 2.0L TDI Highline AT," Rs. 10.00 - 14.65 Lakh
"
1488,Tata New Safari DICOR 2.2 VX 4x4," Rs. 10.00 - 14.65 Lakh
"
1489,BMW 3 Series 330d Convertible," Rs. 15.50 - 27.25 Lakh
"
1490,Maruti Ritz VDI (ABS) BS IV," Rs. 15.50 - 27.25 Lakh
"
1491,BMW 5 Series 2010-2013 530d," Rs. 11.19 - 20.15 Lakh
"
1492,Hyundai Verna XXi ABS (Petrol)," Rs. 11.19 - 20.15 Lakh
"
1493,Tata Indica V2 DL BSIII," Rs. 11.11 Lakh
"
1494,Mercedes-Benz CLA 200 D Sport Edition," Rs. 11.11 Lakh
"
1497,Ford Figo 1.5D Trend MT," Rs. 92.90 Lakh
"
1498,Honda Accord 2001-2003 2.0 AT," Rs. 92.90 Lakh
"
1501,Maruti A-Star AT VXI," Rs. 8.19 - 11.29 Lakh
"
1502,Renault Pulse Petrol RxZ," Rs. 8.19 - 11.29 Lakh
"
1503,Hyundai i20 Active 1.2 S," Rs. 6.10 Lakh
"
1504,Maruti Swift Dzire LXi," Rs. 6.10 Lakh
"
1505,Tata Indigo LX BSII," Rs. 6.84 - 10.19 Lakh
"
1506,Mahindra XUV500 W10 1.99 mHawk," Rs. 6.84 - 10.19 Lakh
"
1507,Hyundai Elantra CRDi S," Rs. 7.99 - 15.57 Lakh
"
1508,BMW X3 xDrive 20d Expedition," Rs. 7.99 - 15.57 Lakh
"
1509,Skoda Laura L n K 1.9 PD AT," Rs. 75.80 - 77.80 Lakh
"
1510,Hyundai i20 2015-2017 Sportz 1.2," Rs. 75.80 - 77.80 Lakh
"
1511,Ford EcoSport 1.5 Ti VCT MT Signature," Rs. 7.04 - 11.25 Lakh
"
1512,Ford Endeavour XLT TDCi 4X4," Rs. 7.04 - 11.25 Lakh
"
1513,Nissan Sunny XL CVT," Rs. 29.20 - 36.27 Lakh
"
1514,Toyota Camry W2 (AT)," Rs. 29.20 - 36.27 Lakh
"
1515,Maruti Wagon R LX BSII," Rs. 48.00 Lakh
"
1516,Mahindra Scorpio S10 7 Seater," Rs. 48.00 Lakh
"
1517,Tata Nano CX," Rs. 14.49 Lakh
"
1518,Volkswagen Vento IPL II Petrol Trendline," Rs. 14.49 Lakh
"
1519,Hyundai Verna 1.4 CRDi," Rs. 11.56 Lakh
"
1520,Mahindra Scorpio 2.6 SLX CRDe," Rs. 11.56 Lakh
"
1521,Maruti Wagon R Duo LX BSIII," Rs. 13.99 - 24.89 Lakh
"
1522,Tata Indigo CS eGLX BS IV," Rs. 13.99 - 24.89 Lakh
"
1523,Porsche Cayenne 2009-2014 Diesel," Rs. 3.83 - 5.28 Lakh
"
1524,Bentley Continental Flying Spur," Rs. 3.83 - 5.28 Lakh
"
1527,Land Rover Discovery Sport SD4 HSE Luxury," Rs. 11.11 - 20.50 Lakh
"
1528,Mitsubishi Pajero 2.8 SFX 7Str," Rs. 11.11 - 20.50 Lakh
"
1529,Hyundai Creta 1.4 CRDi S Plus," Rs. 28.36 - 29.93 Lakh
"
1530,Honda Mobilio RS Option i DTEC," Rs. 28.36 - 29.93 Lakh
"
1531,Volvo XC60 D4 SUMMUM," Rs. 5.98 - 8.62 Lakh
"
1532,Hyundai Verna 1.6 i ABS," Rs. 5.98 - 8.62 Lakh
"
1533,Porsche Panamera 2010 2013 Diesel," Rs. 5.98 - 8.62 Lakh
"
1534,Hyundai i20 1.4 Asta Optional With Sunroof," Rs. 5.98 - 8.62 Lakh
"
1535,Hyundai Elite i20 Diesel Asta Option," Rs. 7.04 - 11.25 Lakh
"
1536,Chevrolet Optra 1.6 LT Royale," Rs. 7.04 - 11.25 Lakh
"
1537,Toyota Qualis Fleet A3," Rs. 4.43 - 5.88 Lakh
"
1538,Skoda Rapid Ultima 1.6 MPI Ambition Plus," Rs. 4.43 - 5.88 Lakh
"
1539,Toyota Etios VD SP," Rs. 7.89 - 14.40 Lakh
"
1540,Maruti Omni 5 Seater BSIV," Rs. 7.89 - 14.40 Lakh
"
1541,Mitsubishi Pajero Sport Anniversary Edition," Rs. 7.52 Lakh
"
1542,Mercedes-Benz S Class 2005 2013 S 300 L," Rs. 7.52 Lakh
"
1545,Tata New Safari EX 4x2," Rs. 8.47 Lakh
"
1546,Nissan Terrano XL Plus ICC WT20 SE," Rs. 8.47 Lakh
"
1547,Volkswagen Vento Konekt Diesel Highline," Rs. 10.00 - 14.65 Lakh
"
1548,Lamborghini Gallardo Coupe," Rs. 10.00 - 14.65 Lakh
"
1549,Mahindra KUV 100 mFALCON G80 K8," Rs. 3.22 Crore
"
1550,Skoda Superb 1.8 TSI," Rs. 3.22 Crore
"
1553,Toyota Innova Crysta 2.4 G MT 8S," Rs. 6.49 - 9.64 Lakh
"
1554,Renault Duster 85PS Diesel RxL Explore," Rs. 6.49 - 9.64 Lakh
"
1557,Audi A4 2.0 TDI Celebration Edition," Rs. 11.56 - 19.40 Lakh
"
1558,Hyundai i20 Diesel Asta Option," Rs. 11.56 - 19.40 Lakh
"
1559,Toyota Etios V," Rs. 12.69 Lakh
"
1560,Renault Duster 110PS Diesel RXZ Optional with Nav," Rs. 12.69 Lakh
"
1563,Mahindra Scorpio 1.99 S4 Plus," Rs. 72.90 Lakh
"
1564,Skoda Laura Classic 1.8 TSI," Rs. 72.90 Lakh
"
1565,Maruti Swift Dzire VXI Optional," Rs. 7.89 - 14.40 Lakh
"
1566,Maruti Alto K10 LXI CNG," Rs. 7.89 - 14.40 Lakh
"
1567,Mahindra Scorpio VLX 2WD Airbag BSIII," Rs. 8.47 Lakh
"
1568,Ford Figo Aspire 1.5 TDCi Titanium Plus," Rs. 8.47 Lakh
"
1569,Mahindra Jeep MM 540 DP," Rs. 5.23 - 8.37 Lakh
"
1570,Skoda Laura L and K AT," Rs. 5.23 - 8.37 Lakh
"
1571,Mercedes-Benz New C-Class C 200 AVANTGARDE," Rs. 7.89 - 14.40 Lakh
"
1572,Skoda Rapid Ultima 1.6 TDI Elegance," Rs. 7.89 - 14.40 Lakh
"
1573,Tata Indica LEI," Rs. 7.89 - 14.40 Lakh
"
1574,Mahindra Xylo D4," Rs. 7.89 - 14.40 Lakh
"
1575,Hyundai i20 2015-2017 Magna," Rs. 8.59 - 12.07 Lakh
"
1576,Tata New Safari DICOR 2.2 VX 4x2," Rs. 8.59 - 12.07 Lakh
"
1577,Hyundai Elantra SX," Rs. 15.50 - 27.25 Lakh
"
1578,Maruti Wagon R Duo Lxi," Rs. 15.50 - 27.25 Lakh
"
1579,Volkswagen Polo IPL II 1.2 Petrol Highline," Rs. 5.65 - 7.48 Lakh
"
1580,Mahindra Xylo D4 BSIV," Rs. 5.65 - 7.48 Lakh
"
1581,Maruti Swift AMT ZXI," Rs. 7.99 - 15.57 Lakh
"
1582,Skoda Laura 1.8 TSI Ambition," Rs. 7.99 - 15.57 Lakh
"
1583,Honda Civic 2010-2013 1.8 S MT Inspire," Rs. 7.89 - 14.40 Lakh
"
1584,Chevrolet Sail Hatchback 1.2," Rs. 7.89 - 14.40 Lakh
"
1585,Mahindra Scorpio VLX Special Edition BS-IV," Rs. 6.49 Lakh
"
1586,Maruti Ciaz VXi," Rs. 6.49 Lakh
"
1589,Ford Fiesta Classic 1.6 SXI Duratec," Rs. 8.00 - 15.60 Lakh
"
1590,Mercedes-Benz B Class B180 Sports," Rs. 8.00 - 15.60 Lakh
"
1593,Tata Indica Vista Quadrajet LX," Rs. 3.77 - 5.11 Lakh
"
1594,Audi Q3 30 TDI S Edition," Rs. 3.77 - 5.11 Lakh
"
1595,BMW 3 Series GT 320d Sport Line," Rs. 44.99 - 55.64 Lakh
"
1596,Toyota Etios Liva VD," Rs. 44.99 - 55.64 Lakh
"
1597,Maruti A-Star Zxi," Rs. 5.63 - 7.80 Lakh
"
1598,Mahindra KUV 100 mFALCON G80 K4 5str," Rs. 5.63 - 7.80 Lakh
"
1599,Ford Fiesta 1.4 SXI Duratorq," Rs. 7.99 - 15.57 Lakh
"
1600,Fiat Avventura FIRE Dynamic," Rs. 7.99 - 15.57 Lakh
"
1601,Honda CR-V Diesel," Rs. 6.72 - 10.30 Lakh
"
1602,Mahindra Xylo E9," Rs. 6.72 - 10.30 Lakh
"
1603,Honda Mobilio V i VTEC," Rs. 7.99 - 15.57 Lakh
"
1604,Tata Indica Vista Aqua TDI BSIII," Rs. 7.99 - 15.57 Lakh
"
1605,Skoda Laura 1.9 TDI MT Elegance," Rs. 4.14 - 6.70 Lakh
"
1606,Honda City ZX VTEC Plus," Rs. 4.14 - 6.70 Lakh
"
1607,Hindustan Motors Contessa 2.0 DSL," Rs. 11.92 - 16.65 Lakh
"
1608,Fiat Linea Dynamic," Rs. 11.92 - 16.65 Lakh
"
1609,Tata Sumo EX 10/7 Str BSII," Rs. 7.19 Lakh
"
1610,Fiat Grande Punto 1.2 Emotion," Rs. 7.19 Lakh
"
1611,Mahindra Thar 4X4," Rs. 4.73 - 7.93 Lakh
"
1612,Toyota Camry MT with Moonroof," Rs. 4.73 - 7.93 Lakh
"
1613,Volkswagen Jetta 2007-2011 1.6 Trendline," Rs. 48.00 Lakh
"
1614,Mahindra KUV 100 mFALCON D75 K2," Rs. 48.00 Lakh
"
1615,Tata Tigor 1.2 Revotron XZ Option," Rs. 7.99 - 15.57 Lakh
"
1616,Honda Accord 2001-2003 2.3 VTI L MT," Rs. 7.99 - 15.57 Lakh
"
1619,Hyundai Santro Xing GLS CNG," Rs. 29.20 - 36.27 Lakh
"
1620,Toyota Land Cruiser Prado VX L," Rs. 29.20 - 36.27 Lakh
"
1621,Toyota Innova 2.5 GX 8 STR," Rs. 11.14 - 19.99 Lakh
"
1622,Skoda Laura L and K MT," Rs. 11.14 - 19.99 Lakh
"
1623,Land Rover Range Rover HSE," Rs. 7.89 - 14.40 Lakh
"
1624,Volkswagen Polo ALLSTAR 1.2 MPI," Rs. 7.89 - 14.40 Lakh
"
1625,Land Rover Discovery 4 SDV6 SE," Rs. 11.56 - 19.40 Lakh
"
1626,Honda City i DTec VX Option BL," Rs. 11.56 - 19.40 Lakh
"
1627,Hyundai Santro LS zipDrive Euro I," Rs. 11.92 - 16.65 Lakh
"
1628,Isuzu MU 7 4x2 HIPACK," Rs. 11.92 - 16.65 Lakh
"
1631,Toyota Etios Liva Diesel TRD Sportivo," Rs. 4.14 - 6.70 Lakh
"
1632,Skoda Rapid Ultima 1.6 TDI Ambition Plus," Rs. 4.14 - 6.70 Lakh
"
1633,Maruti SX4 ZXI AT," Rs. 7.89 - 14.40 Lakh
"
1634,Hyundai i20 new Sportz AT 1.4," Rs. 7.89 - 14.40 Lakh
"
1635,Mahindra Scorpio SLX 2.6 Turbo 8 Str," Rs. 7.04 - 11.25 Lakh
"
1636,BMW X3 2.5si," Rs. 7.04 - 11.25 Lakh
"
1637,Hyundai EON 1.0 Kappa Magna Plus," Rs. 75.80 - 77.80 Lakh
"
1638,Chevrolet Enjoy 1.3 TCDi LTZ 7," Rs. 75.80 - 77.80 Lakh
"
1639,Hyundai Verna 1.4 CX," Rs. 5.28 - 7.21 Lakh
"
1640,Hyundai EON 1.0 Era Plus," Rs. 5.28 - 7.21 Lakh
"
1641,Toyota Innova 2.0 V," Rs. 11.11 - 20.50 Lakh
"
1642,Mahindra Xylo H9," Rs. 11.11 - 20.50 Lakh
"
1643,Mahindra TUV 300 P4," Rs. 7.99 - 15.57 Lakh
"
1644,Maruti Ritz VDi ABS," Rs. 7.99 - 15.57 Lakh
"
1645,Volvo S60 D5 Kinetic," Rs. 11.19 - 20.15 Lakh
"
1646,Chevrolet Enjoy TCDi LS 7 Seater," Rs. 11.19 - 20.15 Lakh
"
1647,Mahindra Scorpio S10 8 Seater," Rs. 11.19 - 20.15 Lakh
"
1648,Renault Pulse RxZ," Rs. 14.59 Lakh
"
1649,Hyundai Accent GLX," Rs. 14.59 Lakh
"
1650,Tata Indica Vista Terra 1.2 Safire BS IV," Rs. 11.11 - 20.50 Lakh
"
1651,Volkswagen Vento 1.5 TDI Highline Plus," Rs. 11.11 - 20.50 Lakh
"
1652,Volkswagen CrossPolo 1.2 TDI," Rs. 11.56 - 19.40 Lakh
"
1653,Ford Ikon 1.4 ZXi," Rs. 11.56 - 19.40 Lakh
"
1654,Audi A3 35 TDI Premium Plus," Rs. 7.91 - 11.69 Lakh
"
1655,Hyundai Verna Transform SX VGT CRDi BS III," Rs. 7.91 - 11.69 Lakh
"
1656,Maruti 800 DX," Rs. 11.07 - 17.55 Lakh
"
1657,Honda Civic 2010-2013 1.8 V AT," Rs. 11.07 - 17.55 Lakh
"
1658,Hyundai Elantra SX AT," Rs. 18.04 - 22.45 Lakh
"
1659,Nissan 370Z AT," Rs. 18.04 - 22.45 Lakh
"
1660,Ford Classic 1.4 Duratorq CLXI," Rs. 6.14 - 11.92 Lakh
"
1661,Renault Koleos 4X2 MT," Rs. 6.14 - 11.92 Lakh
"
1662,Honda Amaze E i-DTEC," Rs. 6.10 - 8.98 Lakh
"
1663,Maruti Ciaz VDi Option SHVS," Rs. 6.10 - 8.98 Lakh
"
1664,Tata Indica Vista Terra Quadrajet 1.3L BS IV," Rs. 11.19 - 20.15 Lakh
"
1665,Mahindra Scorpio VLS 2.2 mHawk," Rs. 11.19 - 20.15 Lakh
"
1666,Maruti Swift VVT ZXI," Rs. 13.99 - 24.89 Lakh
"
1667,Fiat Abarth 595 Competizione," Rs. 13.99 - 24.89 Lakh
"
1668,Hyundai Accent Executive LPG," Rs. 9.51 Lakh
"
1669,Maruti Versa DX2," Rs. 9.51 Lakh
"
1670,Hyundai Sonata Embera 2.4L MT," Rs. 7.52 - 13.04 Lakh
"
1671,Honda Amaze VX CVT i-VTEC," Rs. 7.52 - 13.04 Lakh
"
1672,Honda Jazz 2020 Petrol," Rs. 8.19 - 11.29 Lakh
"
1673,Hyundai i20 1.4 Asta AT (O) with Sunroof," Rs. 8.19 - 11.29 Lakh
"
1674,Renault Lodgy 110PS RxL," Rs. 7.04 - 11.25 Lakh
"
1675,Mercedes-Benz E-Class 250 D W 124," Rs. 7.04 - 11.25 Lakh
"
1680,Hyundai i20 2015-2017 1.4 CRDi Sportz," Rs. 7.99 - 15.57 Lakh
"
1681,Hyundai Creta 1.6 VTVT Base," Rs. 7.99 - 15.57 Lakh
"
1682,Ford Fiesta Classic 1.6 Duratec LXI," Rs. 11.11 - 20.50 Lakh
"
1683,Toyota Corolla Altis GL," Rs. 11.11 - 20.50 Lakh
"
1686,Hyundai Santro Xing XG AT eRLX Euro III," Rs. 11.56 - 19.40 Lakh
"
1687,Mahindra KUV 100 mFALCON D75 K6 5str AW," Rs. 11.56 - 19.40 Lakh
"
1688,Mahindra Scorpio VLX 2WD BSIII," Rs. 7.99 - 15.57 Lakh
"
1689,Chevrolet Enjoy Petrol LTZ 7 Seater," Rs. 7.99 - 15.57 Lakh
"
1690,Hyundai i20 2015-2017 Magna Optional 1.4 CRDi," Rs. 7.99 Lakh
"
1691,Mercedes-Benz CLA 45 AMG," Rs. 7.99 Lakh
"
1694,Chevrolet Enjoy 1.4 LTZ 8," Rs. 4.43 - 5.88 Lakh
"
1695,Mercedes-Benz A Class Edition 1," Rs. 4.43 - 5.88 Lakh
"
